lemma,pos,cefr_level,cefr_source,frequency_rank,topic_hint,in_tsl,tsl_rank,ngsl_rank,bsl_rank
vacation,noun,A1,cefrj,2,business_office,yes,2,,1466
airport,noun,A1,cefrj,5,business_office,yes,5,,163
o'clock,adverb,A1,cefrj,10,,yes,10,,
cloth,noun,A1,cefrj,31,,yes,31,,
subway,noun,A1,cefrj,36,,yes,36,,
waiter,noun,A1,cefrj,40,,yes,40,,
bicycle,noun,A1,cefrj,49,,yes,49,,
umbrella,noun,A1,cefrj,67,,yes,67,,
supermarket,noun,A1,cefrj,93,business_office,yes,93,,393
underline,noun,A1,cefrj,97,,yes,97,,
airplane,noun,A1,cefrj,99,,yes,99,,
birthday,noun,A1,cefrj,104,,yes,104,,
sandwich,noun,A1,cefrj,112,,yes,112,,
sunny,adjective,A1,cefrj,125,,yes,125,,
hungry,adjective,A1,cefrj,135,business_office,yes,135,,1632
soccer,noun,A1,cefrj,142,,yes,142,,
jewelry,noun,A1,cefrj,163,,yes,163,,
cloudy,adjective,A1,cefrj,181,,yes,181,,
delicious,adjective,A1,cefrj,197,,yes,197,,
waitress,noun,A1,cefrj,200,,yes,200,,
picnic,noun,A1,cefrj,209,,yes,209,,
sofa,noun,A1,cefrj,216,,yes,216,,
rainy,adjective,A1,cefrj,235,,yes,235,,
baseball,noun,A1,cefrj,245,business_office,yes,245,,1607
homework,noun,A1,cefrj,258,,yes,258,,
bookstore,noun,A1,cefrj,263,,yes,263,,
salad,noun,A1,cefrj,272,,yes,272,,
garbage,noun,A1,cefrj,279,,yes,279,,
bathroom,noun,A1,cefrj,282,,yes,282,,
ice cream,noun,A1,cefrj,291,,yes,291,,
basketball,noun,A1,cefrj,298,,yes,298,,
pet,noun,A1,cefrj,301,business_office,yes,301,,1342
soup,noun,A1,cefrj,326,,yes,326,,
juice,noun,A1,cefrj,333,,yes,333,,
poster,noun,A1,cefrj,336,business_office,yes,336,,1591
jet,noun,A1,cefrj,382,business_office,yes,382,,663
towel,noun,A1,cefrj,430,,yes,430,,
tomato,noun,A1,cefrj,452,,yes,452,,
pizza,noun,A1,cefrj,472,business_office,yes,472,,1438
hobby,noun,A1,cefrj,498,,yes,498,,
zoo,noun,A1,cefrj,514,,yes,514,,
headache,noun,A1,cefrj,547,,yes,547,,
internet,noun,A1,cefrj,577,business_office,yes,577,,71
apple,noun,A1,cefrj,623,business_office,yes,623,,1623
surf,noun,A1,cefrj,652,,yes,652,,
vase,noun,A1,cefrj,654,,yes,654,,
candy,noun,A1,cefrj,663,,yes,663,,
cookie,noun,A1,cefrj,671,,yes,671,,
sunshine,noun,A1,cefrj,691,,yes,691,,
classmate,noun,A1,cefrj,704,,yes,704,,
bean,noun,A1,cefrj,805,,yes,805,,
bye,noun,A1,cefrj,807,,yes,807,,
snowy,adjective,A1,cefrj,839,,yes,839,,
hamburger,noun,A1,cefrj,916,,yes,916,,
cinema,noun,A1,cefrj,963,business_office,yes,963,,1421
butter,noun,A1,cefrj,1033,,yes,1033,,
drum,noun,A1,cefrj,1043,,yes,1043,,
volleyball,noun,A1,cefrj,1093,,yes,1093,,
jeans,noun,A1,cefrj,1145,,yes,1145,,
the,determiner,A1,cefrj,1,,no,,1,
and,conjunction,A1,cefrj,3,,no,,3,
of,preposition,A1,cefrj,4,,no,,4,
to,preposition,A1,cefrj,5,,no,,5,
a,determiner,A1,cefrj,6,,no,,6,
in,preposition,A1,cefrj,7,,no,,7,
it,pronoun,A1,cefrj,9,,no,,9,
you,pronoun,A1,cefrj,10,,no,,10,
he,pronoun,A1,cefrj,11,,no,,11,
for,preposition,A1,cefrj,12,,no,,12,
they,pronoun,A1,cefrj,13,,no,,13,
not,adverb,A1,cefrj,14,,no,,14,
that,conjunction,A1,cefrj,15,,no,,15,
that,determiner,A1,cefrj,15,,no,,15,
that,pronoun,A1,cefrj,15,,no,,15,
we,pronoun,A1,cefrj,16,,no,,16,
on,preposition,A1,cefrj,17,,no,,17,
with,preposition,A1,cefrj,18,,no,,18,
this,determiner,A1,cefrj,19,,no,,19,
this,pronoun,A1,cefrj,19,,no,,19,
i,pronoun,A1,cefrj,20,,no,,20,
as,preposition,A1,cefrj,22,,no,,22,
at,preposition,A1,cefrj,23,,no,,23,
she,pronoun,A1,cefrj,24,,no,,24,
but,conjunction,A1,cefrj,25,,no,,25,
from,preposition,A1,cefrj,26,,no,,26,
by,preposition,A1,cefrj,27,,no,,27,
or,conjunction,A1,cefrj,29,,no,,29,
say,verb,A1,cefrj,30,,no,,30,
go,verb,A1,cefrj,31,,no,,31,
so,conjunction,A1,cefrj,32,,no,,32,
all,determiner,A1,cefrj,33,,no,,33,
all,pronoun,A1,cefrj,33,,no,,33,
if,conjunction,A1,cefrj,34,,no,,34,
one,determiner,A1,cefrj,35,,no,,35,
about,adverb,A1,cefrj,37,,no,,37,
about,preposition,A1,cefrj,37,,no,,37,
which,determiner,A1,cefrj,39,,no,,39,
which,pronoun,A1,cefrj,39,,no,,39,
there,adverb,A1,cefrj,40,,no,,40,
know,verb,A1,cefrj,41,,no,,41,
more,determiner,A1,cefrj,42,,no,,42,
more,pronoun,A1,cefrj,42,,no,,42,
get,verb,A1,cefrj,43,,no,,43,
who,pronoun,A1,cefrj,44,,no,,44,
like,preposition,A1,cefrj,45,,no,,45,
like,verb,A1,cefrj,45,,no,,45,
when,adverb,A1,cefrj,46,,no,,46,
when,conjunction,A1,cefrj,46,,no,,46,
think,verb,A1,cefrj,47,,no,,47,
make,verb,A1,cefrj,48,,no,,48,
time,noun,A1,cefrj,49,,no,,49,
see,verb,A1,cefrj,50,,no,,50,
what,determiner,A1,cefrj,51,,no,,51,
what,pronoun,A1,cefrj,51,,no,,51,
up,preposition,A1,cefrj,52,,no,,52,
some,determiner,A1,cefrj,53,,no,,53,
some,pronoun,A1,cefrj,53,,no,,53,
other,determiner,A1,cefrj,54,,no,,54,
out,adverb,A1,cefrj,55,,no,,55,
good,adjective,A1,cefrj,56,,no,,56,
people,noun,A1,cefrj,57,,no,,57,
year,noun,A1,cefrj,58,,no,,58,
take,verb,A1,cefrj,59,,no,,59,
no,adverb,A1,cefrj,60,,no,,60,
no,determiner,A1,cefrj,60,,no,,60,
well,adjective,A1,cefrj,61,,no,,61,
well,adverb,A1,cefrj,61,,no,,61,
because,conjunction,A1,cefrj,62,,no,,62,
very,adverb,A1,cefrj,63,,no,,63,
just,adverb,A1,cefrj,64,,no,,64,
come,verb,A1,cefrj,65,,no,,65,
work,noun,A1,cefrj,67,,no,,67,
work,verb,A1,cefrj,67,,no,,67,
use,verb,A1,cefrj,68,,no,,68,
than,conjunction,A1,cefrj,69,,no,,69,
than,preposition,A1,cefrj,69,,no,,69,
now,adverb,A1,cefrj,70,,no,,70,
then,adverb,A1,cefrj,71,,no,,71,
also,adverb,A1,cefrj,72,,no,,72,
into,preposition,A1,cefrj,73,,no,,73,
only,adjective,A1,cefrj,74,,no,,74,
only,adverb,A1,cefrj,74,,no,,74,
look,noun,A1,cefrj,75,,no,,75,
look,verb,A1,cefrj,75,,no,,75,
want,verb,A1,cefrj,76,,no,,76,
give,verb,A1,cefrj,77,,no,,77,
first,adjective,A1,cefrj,78,,no,,78,
first,adverb,A1,cefrj,78,,no,,78,
new,adjective,A1,cefrj,79,,no,,79,
way,noun,A1,cefrj,80,,no,,80,
find,verb,A1,cefrj,81,,no,,81,
over,preposition,A1,cefrj,82,,no,,82,
any,determiner,A1,cefrj,83,,no,,83,
any,pronoun,A1,cefrj,83,,no,,83,
after,preposition,A1,cefrj,84,,no,,84,
day,noun,A1,cefrj,85,,no,,85,
where,adverb,A1,cefrj,86,,no,,86,
where,conjunction,A1,cefrj,86,,no,,86,
thing,noun,A1,cefrj,87,,no,,87,
most,determiner,A1,cefrj,88,,no,,88,
much,adverb,A1,cefrj,91,,no,,91,
much,determiner,A1,cefrj,91,,no,,91,
much,pronoun,A1,cefrj,91,,no,,91,
right,adjective,A1,cefrj,92,,no,,92,
right,adverb,A1,cefrj,92,,no,,92,
how,adverb,A1,cefrj,93,,no,,93,
back,adverb,A1,cefrj,94,,no,,94,
back,noun,A1,cefrj,94,,no,,94,
mean,verb,A1,cefrj,95,,no,,95,
may,noun,A1,cefrj,97,,no,,97,
here,adverb,A1,cefrj,98,,no,,98,
many,determiner,A1,cefrj,99,,no,,99,
many,pronoun,A1,cefrj,99,,no,,99,
child,noun,A1,cefrj,102,,no,,102,
tell,verb,A1,cefrj,103,,no,,103,
really,adverb,A1,cefrj,104,,no,,104,
call,noun,A1,cefrj,105,,no,,105,
before,adverb,A1,cefrj,106,,no,,106,
before,preposition,A1,cefrj,106,,no,,106,
through,preposition,A1,cefrj,108,,no,,108,
down,adverb,A1,cefrj,109,,no,,109,
show,verb,A1,cefrj,110,,no,,110,
life,noun,A1,cefrj,111,,no,,111,
man,noun,A1,cefrj,112,,no,,112,
change,noun,A1,cefrj,113,,no,,113,
change,verb,A1,cefrj,113,,no,,113,
place,noun,A1,cefrj,114,,no,,114,
long,adjective,A1,cefrj,115,,no,,115,
between,preposition,A1,cefrj,116,,no,,116,
feel,verb,A1,cefrj,117,,no,,117,
too,adverb,A1,cefrj,118,,no,,118,
still,adjective,A1,cefrj,119,,no,,119,
problem,noun,A1,cefrj,120,,no,,120,
write,verb,A1,cefrj,121,,no,,121,
same,adjective,A1,cefrj,122,,no,,122,
same,adverb,A1,cefrj,122,,no,,122,
same,pronoun,A1,cefrj,122,,no,,122,
lot,adverb,A1,cefrj,123,,no,,123,
lot,pronoun,A1,cefrj,123,,no,,123,
great,adjective,A1,cefrj,124,,no,,124,
try,noun,A1,cefrj,125,,no,,125,
leave,verb,A1,cefrj,126,,no,,126,
number,noun,A1,cefrj,127,,no,,127,
both,adverb,A1,cefrj,128,,no,,128,
both,determiner,A1,cefrj,128,,no,,128,
both,pronoun,A1,cefrj,128,,no,,128,
own,adjective,A1,cefrj,129,,no,,129,
point,noun,A1,cefrj,131,,no,,131,
little,adjective,A1,cefrj,132,,no,,132,
little,adverb,A1,cefrj,132,,no,,132,
help,verb,A1,cefrj,133,,no,,133,
ask,verb,A1,cefrj,134,,no,,134,
meet,verb,A1,cefrj,135,,no,,135,
start,noun,A1,cefrj,136,,no,,136,
start,verb,A1,cefrj,136,,no,,136,
talk,verb,A1,cefrj,137,,no,,137,
something,pronoun,A1,cefrj,138,,no,,138,
put,verb,A1,cefrj,139,,no,,139,
another,determiner,A1,cefrj,140,,no,,140,
become,verb,A1,cefrj,141,,no,,141,
old,adjective,A1,cefrj,144,,no,,144,
each,determiner,A1,cefrj,145,,no,,145,
each,pronoun,A1,cefrj,145,,no,,145,
school,noun,A1,cefrj,146,,no,,146,
late,adjective,A1,cefrj,147,,no,,147,
late,adverb,A1,cefrj,147,,no,,147,
high,adjective,A1,cefrj,148,,no,,148,
different,adjective,A1,cefrj,149,,no,,149,
off,adjective,A1,cefrj,150,,no,,150,
end,noun,A1,cefrj,152,,no,,152,
live,verb,A1,cefrj,153,,no,,153,
why,adverb,A1,cefrj,154,,no,,154,
world,noun,A1,cefrj,156,,no,,156,
week,noun,A1,cefrj,157,,no,,157,
play,noun,A1,cefrj,158,,no,,158,
play,verb,A1,cefrj,158,,no,,158,
home,noun,A1,cefrj,161,,no,,161,
never,adverb,A1,cefrj,162,,no,,162,
course,noun,A1,cefrj,164,,no,,164,
house,noun,A1,cefrj,165,,no,,165,
group,noun,A1,cefrj,167,,no,,167,
case,noun,A1,cefrj,168,,no,,168,
woman,noun,A1,cefrj,169,,no,,169,
around,preposition,A1,cefrj,170,,no,,170,
book,noun,A1,cefrj,171,,no,,171,
family,noun,A1,cefrj,172,,no,,172,
let,verb,A1,cefrj,174,,no,,174,
again,adverb,A1,cefrj,175,,no,,175,
kind,noun,A1,cefrj,176,,no,,176,
keep,verb,A1,cefrj,177,,no,,177,
hear,verb,A1,cefrj,178,,no,,178,
every,determiner,A1,cefrj,180,,no,,180,
question,noun,A1,cefrj,181,,no,,181,
always,adverb,A1,cefrj,183,,no,,183,
big,adjective,A1,cefrj,184,,no,,184,
set,verb,A1,cefrj,185,,no,,185,
small,adjective,A1,cefrj,186,,no,,186,
study,verb,A1,cefrj,187,,no,,187,
begin,verb,A1,cefrj,189,,no,,189,
important,adjective,A1,cefrj,190,,no,,190,
run,noun,A1,cefrj,192,,no,,192,
run,verb,A1,cefrj,192,,no,,192,
under,preposition,A1,cefrj,193,,no,,193,
turn,noun,A1,cefrj,194,,no,,194,
turn,verb,A1,cefrj,194,,no,,194,
bring,verb,A1,cefrj,196,,no,,196,
early,adverb,A1,cefrj,197,,no,,197,
hand,noun,A1,cefrj,198,,no,,198,
move,noun,A1,cefrj,200,,no,,200,
money,noun,A1,cefrj,201,,no,,201,
name,noun,A1,cefrj,206,,no,,206,
read,verb,A1,cefrj,207,,no,,207,
friend,noun,A1,cefrj,208,,no,,208,
month,noun,A1,cefrj,209,,no,,209,
large,adjective,A1,cefrj,210,,no,,210,
business,noun,A1,cefrj,211,,no,,211,
information,noun,A1,cefrj,213,,no,,213,
open,adjective,A1,cefrj,214,,no,,214,
open,verb,A1,cefrj,214,,no,,214,
order,noun,A1,cefrj,215,,no,,215,
word,noun,A1,cefrj,217,,no,,217,
pay,noun,A1,cefrj,220,,no,,220,
pay,verb,A1,cefrj,220,,no,,220,
build,verb,A1,cefrj,221,,no,,221,
hold,noun,A1,cefrj,222,,no,,222,
believe,verb,A1,cefrj,225,,no,,225,
second,adjective,A1,cefrj,226,,no,,226,
yes,adverb,A1,cefrj,228,,no,,228,
love,noun,A1,cefrj,229,,no,,229,
love,verb,A1,cefrj,229,,no,,229,
job,noun,A1,cefrj,231,,no,,231,
plan,noun,A1,cefrj,232,,no,,232,
result,noun,A1,cefrj,233,,no,,233,
away,adverb,A1,cefrj,234,,no,,234,
example,noun,A1,cefrj,235,,no,,235,
happen,verb,A1,cefrj,236,,no,,236,
young,adjective,A1,cefrj,238,,no,,238,
close,adjective,A1,cefrj,239,,no,,239,
close,verb,A1,cefrj,239,,no,,239,
program,noun,A1,cefrj,240,,no,,240,
buy,verb,A1,cefrj,242,,no,,242,
thank,verb,A1,cefrj,244,,no,,244,
today,adverb,A1,cefrj,246,,no,,246,
today,noun,A1,cefrj,246,,no,,246,
hour,noun,A1,cefrj,247,,no,,247,
student,noun,A1,cefrj,248,,no,,248,
face,noun,A1,cefrj,249,,no,,249,
hope,noun,A1,cefrj,250,,no,,250,
idea,noun,A1,cefrj,251,,no,,251,
room,noun,A1,cefrj,254,,no,,254,
until,preposition,A1,cefrj,255,,no,,255,
reason,noun,A1,cefrj,256,,no,,256,
form,noun,A1,cefrj,257,,no,,257,
spend,verb,A1,cefrj,258,,no,,258,
head,noun,A1,cefrj,259,,no,,259,
car,noun,A1,cefrj,260,,no,,260,
learn,verb,A1,cefrj,261,,no,,261,
person,noun,A1,cefrj,263,,no,,263,
once,adverb,A1,cefrj,265,,no,,265,
bad,adjective,A1,cefrj,268,,no,,268,
city,noun,A1,cefrj,269,,no,,269,
night,noun,A1,cefrj,270,,no,,270,
line,noun,A1,cefrj,274,,no,,274,
present,noun,A1,cefrj,275,,no,,275,
side,noun,A1,cefrj,276,,no,,276,
sure,adjective,A1,cefrj,279,,no,,279,
age,noun,A1,cefrj,282,,no,,282,
speak,verb,A1,cefrj,284,,no,,284,
often,adverb,A1,cefrj,288,,no,,288,
train,noun,A1,cefrj,289,,no,,289,
together,adverb,A1,cefrj,294,,no,,294,
price,noun,A1,cefrj,296,,no,,296,
parent,noun,A1,cefrj,297,,no,,297,
hard,adjective,A1,cefrj,298,,no,,298,
hard,adverb,A1,cefrj,298,,no,,298,
party,noun,A1,cefrj,299,,no,,299,
already,adverb,A1,cefrj,302,,no,,302,
story,noun,A1,cefrj,306,,no,,306,
almost,adverb,A1,cefrj,307,,no,,307,
stand,noun,A1,cefrj,309,,no,,309,
yet,adverb,A1,cefrj,311,,no,,311,
care,noun,A1,cefrj,313,,no,,313,
anything,pronoun,A1,cefrj,318,,no,,318,
water,noun,A1,cefrj,322,,no,,322,
soon,adverb,A1,cefrj,325,,no,,325,
watch,noun,A1,cefrj,326,,no,,326,
watch,verb,A1,cefrj,326,,no,,326,
past,adverb,A1,cefrj,330,,no,,330,
past,preposition,A1,cefrj,330,,no,,330,
test,noun,A1,cefrj,332,,no,,332,
visit,noun,A1,cefrj,333,,no,,333,
visit,verb,A1,cefrj,333,,no,,333,
grow,verb,A1,cefrj,335,,no,,335,
nothing,pronoun,A1,cefrj,336,,no,,336,
mother,noun,A1,cefrj,338,,no,,338,
walk,noun,A1,cefrj,339,,no,,339,
walk,verb,A1,cefrj,339,,no,,339,
matter,noun,A1,cefrj,340,,no,,340,
mind,noun,A1,cefrj,341,,no,,341,
office,noun,A1,cefrj,343,,no,,343,
stay,verb,A1,cefrj,345,,no,,345,
stop,noun,A1,cefrj,347,,no,,347,
stop,verb,A1,cefrj,347,,no,,347,
light,adjective,A1,cefrj,349,,no,,349,
light,noun,A1,cefrj,349,,no,,349,
remember,verb,A1,cefrj,351,,no,,351,
share,verb,A1,cefrj,353,,no,,353,
real,adjective,A1,cefrj,354,,no,,354,
real,adverb,A1,cefrj,354,,no,,354,
answer,noun,A1,cefrj,355,,no,,355,
answer,verb,A1,cefrj,355,,no,,355,
sit,verb,A1,cefrj,356,,no,,356,
letter,noun,A1,cefrj,358,,no,,358,
language,noun,A1,cefrj,360,,no,,360,
subject,noun,A1,cefrj,361,,no,,361,
class,noun,A1,cefrj,362,,no,,362,
town,noun,A1,cefrj,364,,no,,364,
half,noun,A1,cefrj,365,,no,,365,
minute,noun,A1,cefrj,366,,no,,366,
food,noun,A1,cefrj,367,,no,,367,
break,verb,A1,cefrj,368,,no,,368,
future,noun,A1,cefrj,370,,no,,370,
either,adverb,A1,cefrj,371,,no,,371,
ago,adverb,A1,cefrj,372,,no,,372,
top,noun,A1,cefrj,375,,no,,375,
win,verb,A1,cefrj,377,,no,,377,
color,noun,A1,cefrj,378,,no,,378,
color,verb,A1,cefrj,378,,no,,378,
social,adjective,A1,cefrj,381,,no,,381,
period,noun,A1,cefrj,382,,no,,382,
note,noun,A1,cefrj,384,,no,,384,
note,verb,A1,cefrj,384,,no,,384,
history,noun,A1,cefrj,385,,no,,385,
drive,noun,A1,cefrj,387,,no,,387,
along,adverb,A1,cefrj,388,,no,,388,
type,noun,A1,cefrj,389,,no,,389,
eye,noun,A1,cefrj,391,,no,,391,
music,noun,A1,cefrj,392,,no,,392,
game,noun,A1,cefrj,393,,no,,393,
free,adjective,A1,cefrj,395,,no,,395,
logical,adjective,A2,cefrj,8,business_office,yes,8,,628
downtown,adverb,A2,cefrj,17,,yes,17,,
noon,noun,A2,cefrj,21,,yes,21,,
clerk,noun,A2,cefrj,23,,yes,23,,
publish,verb,A2,cefrj,25,business_office,yes,25,,19
fare,noun,A2,cefrj,32,business_office,yes,32,,412
receipt,noun,A2,cefrj,33,business_office,yes,33,,118
traveler,noun,A2,cefrj,34,business_office,yes,34,,1001
cafeteria,noun,A2,cefrj,43,,yes,43,,
chef,noun,A2,cefrj,44,,yes,44,,
elevator,noun,A2,cefrj,45,,yes,45,,
correctly,adverb,A2,cefrj,47,business_office,yes,47,,536
convenient,adjective,A2,cefrj,54,business_office,yes,54,,662
clue,noun,A2,cefrj,56,business_office,yes,56,,1537
garage,noun,A2,cefrj,57,,yes,57,,
suitcase,noun,A2,cefrj,62,,yes,62,,
occupation,noun,A2,cefrj,64,business_office,yes,64,,522
receptionist,noun,A2,cefrj,72,,yes,72,,
dentist,noun,A2,cefrj,73,,yes,73,,
cruise,noun,A2,cefrj,103,business_office,yes,103,,1659
mall,noun,A2,cefrj,107,business_office,yes,107,,1484
recycle,verb,A2,cefrj,109,business_office,yes,109,,708
folder,noun,A2,cefrj,122,,yes,122,,
calendar,noun,A2,cefrj,126,business_office,yes,126,,672
snack,noun,A2,cefrj,130,,yes,130,,
aisle,noun,A2,cefrj,138,,yes,138,,
sweater,noun,A2,cefrj,143,,yes,143,,
convenience,noun,A2,cefrj,149,business_office,yes,149,,689
indoor,adjective,A2,cefrj,151,,yes,151,,
container,noun,A2,cefrj,154,business_office,yes,154,,818
drawer,noun,A2,cefrj,155,,yes,155,,
highway,noun,A2,cefrj,161,business_office,yes,161,,1345
battery,noun,A2,cefrj,165,business_office,yes,165,,700
dessert,noun,A2,cefrj,170,,yes,170,,
impact,noun,A2,cefrj,171,business_office,yes,171,,15
photographer,noun,A2,cefrj,182,,yes,182,,
download,verb,A2,cefrj,189,business_office,yes,189,,258
stadium,noun,A2,cefrj,192,,yes,192,,
weekday,noun,A2,cefrj,194,,yes,194,,
bonus,noun,A2,cefrj,195,business_office,yes,195,,149
cleaner,noun,A2,cefrj,201,business_office,yes,201,,1372
annoy,verb,A2,cefrj,219,,yes,219,,
quit,verb,A2,cefrj,223,business_office,yes,223,,713
captain,noun,A2,cefrj,226,business_office,yes,226,,1687
bargain,noun,A2,cefrj,230,business_office,yes,230,,127
hike,noun,A2,cefrj,232,,yes,232,,
midnight,noun,A2,cefrj,233,,yes,233,,
unhappy,adjective,A2,cefrj,239,business_office,yes,239,,1229
lamp,noun,A2,cefrj,247,,yes,247,,
worldwide,adverb,A2,cefrj,253,business_office,yes,253,,145
painter,noun,A2,cefrj,268,,yes,268,,
cab,noun,A2,cefrj,283,,yes,283,,
photography,noun,A2,cefrj,286,,yes,286,,
anniversary,noun,A2,cefrj,288,business_office,yes,288,,1058
textbook,noun,A2,cefrj,302,business_office,yes,302,,648
semester,noun,A2,cefrj,308,,yes,308,,
polite,adjective,A2,cefrj,321,,yes,321,,
wallet,noun,A2,cefrj,328,,yes,328,,
drill,noun,A2,cefrj,331,business_office,yes,331,,819
lane,noun,A2,cefrj,334,,yes,334,,
bench,noun,A2,cefrj,340,,yes,340,,
prediction,noun,A2,cefrj,349,business_office,yes,349,,208
oven,noun,A2,cefrj,371,,yes,371,,
refrigerator,noun,A2,cefrj,374,,yes,374,,
windy,adjective,A2,cefrj,387,,yes,387,,
leisure,noun,A2,cefrj,405,business_office,yes,405,,871
automatic,adjective,A2,cefrj,436,business_office,yes,436,,563
glove,noun,A2,cefrj,443,,yes,443,,
brake,noun,A2,cefrj,458,,yes,458,,
inexpensive,adjective,A2,cefrj,483,,yes,483,,
soap,noun,A2,cefrj,490,,yes,490,,
bake,verb,A2,cefrj,494,,yes,494,,
kilometer,noun,A2,cefrj,500,,yes,500,,
statue,noun,A2,cefrj,535,,yes,535,,
basket,noun,A2,cefrj,541,business_office,yes,541,,848
dislike,noun,A2,cefrj,544,business_office,yes,544,,806
downstairs,adverb,A2,cefrj,545,,yes,545,,
jam,noun,A2,cefrj,548,,yes,548,,
upstairs,adverb,A2,cefrj,557,,yes,557,,
businessman,noun,A2,cefrj,566,business_office,yes,566,,195
colorful,adjective,A2,cefrj,568,,yes,568,,
lunchtime,noun,A2,cefrj,580,,yes,580,,
harmful,adjective,A2,cefrj,602,,yes,602,,
kit,noun,A2,cefrj,605,,yes,605,,
unnecessary,adjective,A2,cefrj,621,business_office,yes,621,,982
balcony,noun,A2,cefrj,626,,yes,626,,
earthquake,noun,A2,cefrj,632,business_office,yes,632,,1389
runner,noun,A2,cefrj,649,,yes,649,,
sock,noun,A2,cefrj,650,,yes,650,,
surf,verb,A2,cefrj,652,,yes,652,,
timetable,noun,A2,cefrj,653,business_office,yes,653,,1660
campus,noun,A2,cefrj,662,business_office,yes,662,,1220
invention,noun,A2,cefrj,681,business_office,yes,681,,670
smoothly,adverb,A2,cefrj,690,,yes,690,,
fry,noun,A2,cefrj,717,,yes,717,,
junk,noun,A2,cefrj,724,business_office,yes,724,,778
noisy,adjective,A2,cefrj,727,,yes,727,,
pan,noun,A2,cefrj,728,business_office,yes,728,,1303
pasta,noun,A2,cefrj,730,,yes,730,,
pill,noun,A2,cefrj,732,business_office,yes,732,,1323
rumor,noun,A2,cefrj,738,business_office,yes,738,,519
scarf,noun,A2,cefrj,739,,yes,739,,
seaside,noun,A2,cefrj,740,,yes,740,,
spill,verb,A2,cefrj,743,business_office,yes,743,,1501
asleep,adjective,A2,cefrj,752,,yes,752,,
creativity,noun,A2,cefrj,762,business_office,yes,762,,856
silently,adverb,A2,cefrj,789,,yes,789,,
tidy,adjective,A2,cefrj,796,,yes,796,,
tidy,verb,A2,cefrj,796,,yes,796,,
energetic,adjective,A2,cefrj,817,,yes,817,,
escalator,noun,A2,cefrj,819,,yes,819,,
junior,adjective,A2,cefrj,828,business_office,yes,828,,933
lifestyle,noun,A2,cefrj,829,business_office,yes,829,,990
steak,noun,A2,cefrj,840,,yes,840,,
uncomfortable,adjective,A2,cefrj,844,,yes,844,,
barbecue,noun,A2,cefrj,848,,yes,848,,
beginner,noun,A2,cefrj,849,,yes,849,,
blanket,noun,A2,cefrj,851,,yes,851,,
cooler,noun,A2,cefrj,855,,yes,855,,
balloon,noun,A2,cefrj,891,,yes,891,,
bug,noun,A2,cefrj,893,business_office,yes,893,,1735
elephant,noun,A2,cefrj,906,,yes,906,,
fortunately,adverb,A2,cefrj,912,,yes,912,,
ray,noun,A2,cefrj,936,business_office,yes,936,,1211
skate,noun,A2,cefrj,945,,yes,945,,
sleepy,adjective,A2,cefrj,947,,yes,947,,
thunderstorm,noun,A2,cefrj,951,,yes,951,,
brainstorm,noun,A2,cefrj,961,,yes,961,,
flour,noun,A2,cefrj,982,,yes,982,,
fog,noun,A2,cefrj,983,,yes,983,,
gram,noun,A2,cefrj,985,,yes,985,,
headphone,noun,A2,cefrj,987,,yes,987,,
loudly,adverb,A2,cefrj,993,,yes,993,,
reunion,noun,A2,cefrj,1008,,yes,1008,,
seafood,noun,A2,cefrj,1010,,yes,1010,,
unpleasant,adjective,A2,cefrj,1019,,yes,1019,,
violin,noun,A2,cefrj,1020,,yes,1020,,
centimeter,noun,A2,cefrj,1034,,yes,1034,,
comb,noun,A2,cefrj,1036,,yes,1036,,
kilogram,noun,A2,cefrj,1059,,yes,1059,,
pollute,verb,A2,cefrj,1069,,yes,1069,,
someday,adverb,A2,cefrj,1083,,yes,1083,,
wheelchair,noun,A2,cefrj,1094,,yes,1094,,
wool,noun,A2,cefrj,1096,,yes,1096,,
countryside,noun,A2,cefrj,1116,business_office,yes,1116,,1216
diamond,noun,A2,cefrj,1123,business_office,yes,1123,,996
euro,noun,A2,cefrj,1132,business_office,yes,1132,,37
forbid,verb,A2,cefrj,1133,business_office,yes,1133,,1362
fork,noun,A2,cefrj,1134,,yes,1134,,
impatient,adjective,A2,cefrj,1140,,yes,1140,,
pepper,noun,A2,cefrj,1160,,yes,1160,,
raincoat,noun,A2,cefrj,1165,,yes,1165,,
scenery,noun,A2,cefrj,1174,,yes,1174,,
sew,verb,A2,cefrj,1176,,yes,1176,,
thirsty,adjective,A2,cefrj,1183,,yes,1183,,
bulb,noun,A2,cefrj,1202,,yes,1202,,
cheer,verb,A2,cefrj,1204,business_office,yes,1204,,1207
inspiration,noun,A2,cefrj,1224,,yes,1224,,
bookcase,noun,A2,cefrj,1233,,yes,1233,,
liter,noun,A2,cefrj,1239,business_office,yes,1239,,1578
in,adverb,A2,cefrj,7,,no,,7,
it,noun,A2,cefrj,9,,no,,9,
for,conjunction,A2,cefrj,12,,no,,12,
on,adverb,A2,cefrj,17,,no,,17,
as,conjunction,A2,cefrj,22,,no,,22,
so,adverb,A2,cefrj,32,,no,,32,
all,adverb,A2,cefrj,33,,no,,33,
one,pronoun,A2,cefrj,35,,no,,35,
can,noun,A2,cefrj,38,,no,,38,
up,adverb,A2,cefrj,52,,no,,52,
other,pronoun,A2,cefrj,54,,no,,54,
use,noun,A2,cefrj,68,,no,,68,
over,adverb,A2,cefrj,82,,no,,82,
after,adverb,A2,cefrj,84,,no,,84,
most,adverb,A2,cefrj,88,,no,,88,
most,pronoun,A2,cefrj,88,,no,,88,
need,verb,A2,cefrj,90,,no,,90,
right,noun,A2,cefrj,92,,no,,92,
back,adjective,A2,cefrj,94,,no,,94,
mean,adjective,A2,cefrj,95,,no,,95,
even,adverb,A2,cefrj,96,,no,,96,
such,determiner,A2,cefrj,100,,no,,100,
such,pronoun,A2,cefrj,100,,no,,100,
last,determiner,A2,cefrj,101,,no,,101,
last,pronoun,A2,cefrj,101,,no,,101,
call,verb,A2,cefrj,105,,no,,105,
before,conjunction,A2,cefrj,106,,no,,106,
company,noun,A2,cefrj,107,,no,,107,
down,preposition,A2,cefrj,109,,no,,109,
show,noun,A2,cefrj,110,,no,,110,
long,adverb,A2,cefrj,115,,no,,115,
feel,noun,A2,cefrj,117,,no,,117,
still,adverb,A2,cefrj,119,,no,,119,
lot,noun,A2,cefrj,123,,no,,123,
try,verb,A2,cefrj,125,,no,,125,
own,pronoun,A2,cefrj,129,,no,,129,
part,noun,A2,cefrj,130,,no,,130,
point,verb,A2,cefrj,131,,no,,131,
help,noun,A2,cefrj,133,,no,,133,
another,pronoun,A2,cefrj,140,,no,,140,
interest,noun,A2,cefrj,142,,no,,142,
country,noun,A2,cefrj,143,,no,,143,
high,adverb,A2,cefrj,148,,no,,148,
off,adverb,A2,cefrj,150,,no,,150,
next,adverb,A2,cefrj,151,,no,,151,
next,determiner,A2,cefrj,151,,no,,151,
end,verb,A2,cefrj,152,,no,,152,
while,conjunction,A2,cefrj,155,,no,,155,
home,adverb,A2,cefrj,161,,no,,161,
include,verb,A2,cefrj,163,,no,,163,
report,noun,A2,cefrj,166,,no,,166,
around,adverb,A2,cefrj,170,,no,,170,
seem,verb,A2,cefrj,173,,no,,173,
kind,adjective,A2,cefrj,176,,no,,176,
system,noun,A2,cefrj,179,,no,,179,
during,preposition,A2,cefrj,182,,no,,182,
set,noun,A2,cefrj,185,,no,,185,
study,noun,A2,cefrj,187,,no,,187,
follow,verb,A2,cefrj,188,,no,,188,
since,preposition,A2,cefrj,191,,no,,191,
few,determiner,A2,cefrj,195,,no,,195,
early,adjective,A2,cefrj,197,,no,,197,
hand,verb,A2,cefrj,198,,no,,198,
state,noun,A2,cefrj,199,,no,,199,
move,verb,A2,cefrj,200,,no,,200,
fact,noun,A2,cefrj,202,,no,,202,
however,adverb,A2,cefrj,203,,no,,203,
area,noun,A2,cefrj,204,,no,,204,
provide,verb,A2,cefrj,205,,no,,205,
without,preposition,A2,cefrj,212,,no,,212,
order,verb,A2,cefrj,215,,no,,215,
government,noun,A2,cefrj,216,,no,,216,
issue,noun,A2,cefrj,218,,no,,218,
market,noun,A2,cefrj,219,,no,,219,
hold,verb,A2,cefrj,222,,no,,222,
against,preposition,A2,cefrj,224,,no,,224,
second,noun,A2,cefrj,226,,no,,226,
second,pronoun,A2,cefrj,226,,no,,226,
though,conjunction,A2,cefrj,227,,no,,227,
increase,verb,A2,cefrj,230,,no,,230,
offer,noun,A2,cefrj,237,,no,,237,
offer,verb,A2,cefrj,237,,no,,237,
lead,noun,A2,cefrj,241,,no,,241,
understand,verb,A2,cefrj,243,,no,,243,
far,adverb,A2,cefrj,245,,no,,245,
face,verb,A2,cefrj,249,,no,,249,
cost,noun,A2,cefrj,252,,no,,252,
cost,verb,A2,cefrj,252,,no,,252,
less,adverb,A2,cefrj,253,,no,,253,
less,determiner,A2,cefrj,253,,no,,253,
less,pronoun,A2,cefrj,253,,no,,253,
head,verb,A2,cefrj,259,,no,,259,
level,noun,A2,cefrj,262,,no,,262,
experience,noun,A2,cefrj,264,,no,,264,
member,noun,A2,cefrj,266,,no,,266,
enough,adverb,A2,cefrj,267,,no,,267,
enough,determiner,A2,cefrj,267,,no,,267,
enough,pronoun,A2,cefrj,267,,no,,267,
support,noun,A2,cefrj,272,,no,,272,
quite,adverb,A2,cefrj,277,,no,,277,
although,conjunction,A2,cefrj,278,,no,,278,
sure,adverb,A2,cefrj,279,,no,,279,
least,determiner,A2,cefrj,281,,no,,281,
low,adjective,A2,cefrj,283,,no,,283,
low,adverb,A2,cefrj,283,,no,,283,
within,preposition,A2,cefrj,285,,no,,285,
public,noun,A2,cefrj,287,,no,,287,
train,verb,A2,cefrj,289,,no,,289,
possible,adjective,A2,cefrj,290,,no,,290,
actually,adverb,A2,cefrj,291,,no,,291,
rather,adverb,A2,cefrj,292,,no,,292,
view,noun,A2,cefrj,293,,no,,293,
consider,verb,A2,cefrj,295,,no,,295,
local,adjective,A2,cefrj,300,,no,,300,
control,noun,A2,cefrj,301,,no,,301,
concern,noun,A2,cefrj,303,,no,,303,
product,noun,A2,cefrj,304,,no,,304,
lose,verb,A2,cefrj,305,,no,,305,
continue,verb,A2,cefrj,308,,no,,308,
stand,verb,A2,cefrj,309,,no,,309,
whole,adjective,A2,cefrj,310,,no,,310,
rate,noun,A2,cefrj,312,,no,,312,
expect,verb,A2,cefrj,314,,no,,314,
effect,noun,A2,cefrj,315,,no,,315,
ever,adverb,A2,cefrj,317,,no,,317,
cause,verb,A2,cefrj,319,,no,,319,
fall,verb,A2,cefrj,320,,no,,320,
deal,noun,A2,cefrj,321,,no,,321,
send,verb,A2,cefrj,323,,no,,323,
allow,verb,A2,cefrj,324,,no,,324,
base,noun,A2,cefrj,327,,no,,327,
probably,adverb,A2,cefrj,328,,no,,328,
suggest,verb,A2,cefrj,329,,no,,329,
power,noun,A2,cefrj,331,,no,,331,
center,noun,A2,cefrj,334,,no,,334,
return,noun,A2,cefrj,337,,no,,337,
return,verb,A2,cefrj,337,,no,,337,
matter,verb,A2,cefrj,340,,no,,340,
mind,verb,A2,cefrj,341,,no,,341,
value,noun,A2,cefrj,342,,no,,342,
record,verb,A2,cefrj,344,,no,,344,
force,noun,A2,cefrj,346,,no,,346,
several,determiner,A2,cefrj,348,,no,,348,
several,pronoun,A2,cefrj,348,,no,,348,
develop,verb,A2,cefrj,350,,no,,350,
bit,noun,A2,cefrj,352,,no,,352,
share,noun,A2,cefrj,353,,no,,353,
figure,noun,A2,cefrj,357,,no,,357,
figure,verb,A2,cefrj,357,,no,,357,
decide,verb,A2,cefrj,359,,no,,359,
half,determiner,A2,cefrj,365,,no,,365,
half,pronoun,A2,cefrj,365,,no,,365,
break,noun,A2,cefrj,368,,no,,368,
clear,adjective,A2,cefrj,369,,no,,369,
either,conjunction,A2,cefrj,371,,no,,371,
remain,verb,A2,cefrj,374,,no,,374,
among,preposition,A2,cefrj,376,,no,,376,
reach,verb,A2,cefrj,380,,no,,380,
across,adverb,A2,cefrj,383,,no,,383,
across,preposition,A2,cefrj,383,,no,,383,
create,verb,A2,cefrj,386,,no,,386,
drive,verb,A2,cefrj,387,,no,,387,
along,preposition,A2,cefrj,388,,no,,388,
sound,noun,A2,cefrj,390,,no,,390,
sound,verb,A2,cefrj,390,,no,,390,
political,adjective,A2,cefrj,394,,no,,394,
free,adverb,A2,cefrj,395,,no,,395,
receive,verb,A2,cefrj,396,,no,,396,
further,adjective,A2,cefrj,400,,no,,400,
appear,verb,A2,cefrj,405,,no,,405,
toward,preposition,A2,cefrj,406,,no,,406,
sense,noun,A2,cefrj,412,,no,,412,
perhaps,adverb,A2,cefrj,413,,no,,413,
pass,noun,A2,cefrj,416,,no,,416,
pass,verb,A2,cefrj,416,,no,,416,
produce,verb,A2,cefrj,417,,no,,417,
short,noun,A2,cefrj,419,,no,,419,
law,noun,A2,cefrj,421,,no,,421,
research,noun,A2,cefrj,423,,no,,423,
cover,verb,A2,cefrj,424,,no,,424,
position,noun,A2,cefrj,426,,no,,426,
human,adjective,A2,cefrj,428,,no,,428,
situation,noun,A2,cefrj,430,,no,,430,
staff,noun,A2,cefrj,431,,no,,431,
film,noun,A2,cefrj,433,,no,,433,
account,noun,A2,cefrj,436,,no,,436,
major,adjective,A2,cefrj,438,,no,,438,
condition,noun,A2,cefrj,445,,no,,445,
certain,adjective,A2,cefrj,451,,no,,451,
forward,adverb,A2,cefrj,452,,no,,452,
die,verb,A2,cefrj,454,,no,,454,
bear,verb,A2,cefrj,455,,no,,455,
himself,pronoun,A2,cefrj,458,,no,,458,
especially,adverb,A2,cefrj,460,,no,,460,
detail,noun,A2,cefrj,472,,no,,472,
step,noun,A2,cefrj,477,,no,,477,
themselves,pronoun,A2,cefrj,480,,no,,480,
draw,noun,A2,cefrj,481,,no,,481,
model,noun,A2,cefrj,485,,no,,485,
raise,verb,A2,cefrj,486,,no,,486,
customer,noun,A2,cefrj,487,,no,,487,
front,noun,A2,cefrj,488,,no,,488,
explain,verb,A2,cefrj,489,,no,,489,
outside,preposition,A2,cefrj,491,,no,,491,
land,verb,A2,cefrj,497,,no,,497,
finally,adverb,A2,cefrj,499,,no,,499,
claim,verb,A2,cefrj,501,,no,,501,
travel,noun,A2,cefrj,503,,no,,503,
death,noun,A2,cefrj,505,,no,,505,
improve,verb,A2,cefrj,508,,no,,508,
couple,noun,A2,cefrj,514,,no,,514,
act,noun,A2,cefrj,515,,no,,515,
range,noun,A2,cefrj,516,,no,,516,
quality,noun,A2,cefrj,517,,no,,517,
round,adverb,A2,cefrj,519,,no,,519,
opportunity,noun,A2,cefrj,520,,no,,520,
road,noun,A2,cefrj,521,,no,,521,
wish,verb,A2,cefrj,524,,no,,524,
therefore,adverb,A2,cefrj,525,,no,,525,
education,noun,A2,cefrj,531,,no,,531,
serve,verb,A2,cefrj,534,,no,,534,
likely,adjective,A2,cefrj,535,,no,,535,
certainly,adverb,A2,cefrj,536,,no,,536,
national,adjective,A2,cefrj,537,,no,,537,
itself,pronoun,A2,cefrj,538,,no,,538,
air,noun,A2,cefrj,542,,no,,542,
trade,noun,A2,cefrj,544,,no,,544,
space,noun,A2,cefrj,552,,no,,552,
instead,adverb,A2,cefrj,553,,no,,553,
realize,verb,A2,cefrj,554,,no,,554,
single,adjective,A2,cefrj,557,,no,,557,
performance,noun,A2,cefrj,559,,no,,559,
chance,noun,A2,cefrj,560,,no,,560,
accept,verb,A2,cefrj,561,,no,,561,
society,noun,A2,cefrj,562,,no,,562,
mention,noun,A2,cefrj,564,,no,,564,
choice,noun,A2,cefrj,565,,no,,565,
common,adjective,A2,cefrj,567,,no,,567,
material,noun,A2,cefrj,571,,no,,571,
wrong,adverb,A2,cefrj,575,,no,,575,
effort,noun,A2,cefrj,577,,no,,577,
attention,noun,A2,cefrj,578,,no,,578,
upon,preposition,A2,cefrj,579,,no,,579,
check,verb,A2,cefrj,580,,no,,580,
complete,adjective,A2,cefrj,581,,no,,581,
lie,verb,A2,cefrj,582,,no,,582,
patient,noun,A2,cefrj,589,,no,,589,
century,noun,A2,cefrj,591,,no,,591,
evidence,noun,A2,cefrj,592,,no,,592,
exist,verb,A2,cefrj,593,,no,,593,
similar,adjective,A2,cefrj,594,,no,,594,
contact,noun,A2,cefrj,600,,no,,600,
contact,verb,A2,cefrj,600,,no,,600,
prepare,verb,A2,cefrj,604,,no,,604,
response,noun,A2,cefrj,606,,no,,606,
voice,noun,A2,cefrj,607,,no,,607,
apply,verb,A2,cefrj,611,,no,,611,
compare,verb,A2,cefrj,614,,no,,614,
court,noun,A2,cefrj,615,,no,,615,
police,noun,A2,cefrj,616,,no,,616,
knowledge,noun,A2,cefrj,619,,no,,619,
source,noun,A2,cefrj,623,,no,,623,
manage,verb,A2,cefrj,625,,no,,625,
simply,adverb,A2,cefrj,626,,no,,626,
bank,verb,A2,cefrj,627,,no,,627,
attack,noun,A2,cefrj,632,,no,,632,
attack,verb,A2,cefrj,632,,no,,632,
feature,noun,A2,cefrj,635,,no,,635,
pretty,adverb,A2,cefrj,637,,no,,637,
recently,adverb,A2,cefrj,638,,no,,638,
drop,noun,A2,cefrj,640,,no,,640,
recent,adjective,A2,cefrj,641,,no,,641,
official,adjective,A2,cefrj,643,,no,,643,
private,adjective,A2,cefrj,648,,no,,648,
worry,verb,A2,cefrj,653,,no,,653,
opinion,noun,A2,cefrj,656,,no,,656,
park,verb,A2,cefrj,657,,no,,657,
represent,verb,A2,cefrj,658,,no,,658,
inside,adverb,A2,cefrj,660,,no,,660,
manager,noun,A2,cefrj,661,,no,,661,
international,adjective,A2,cefrj,662,,no,,662,
notice,noun,A2,cefrj,664,,no,,664,
wonder,verb,A2,cefrj,665,,no,,665,
nature,noun,A2,cefrj,666,,no,,666,
structure,noun,A2,cefrj,667,,no,,667,
myself,pronoun,A2,cefrj,669,,no,,669,
exactly,adverb,A2,cefrj,670,,no,,670,
plant,noun,A2,cefrj,671,,no,,671,
whatever,determiner,A2,cefrj,675,,no,,675,
necessary,adjective,A2,cefrj,676,,no,,676,
influence,noun,A2,cefrj,680,,no,,680,
attempt,noun,A2,cefrj,686,,no,,686,
simple,adjective,A2,cefrj,688,,no,,688,
average,adjective,A2,cefrj,690,,no,,690,
average,noun,A2,cefrj,690,,no,,690,
hit,verb,A2,cefrj,695,,no,,695,
establish,verb,A2,cefrj,696,,no,,696,
indeed,adverb,A2,cefrj,697,,no,,697,
final,adjective,A2,cefrj,698,,no,,698,
final,noun,A2,cefrj,698,,no,,698,
fit,adjective,A2,cefrj,700,,no,,700,
function,verb,A2,cefrj,702,,no,,702,
image,noun,A2,cefrj,704,,no,,704,
behavior,noun,A2,cefrj,706,,no,,706,
addition,noun,A2,cefrj,707,,no,,707,
population,noun,A2,cefrj,710,,no,,710,
fail,verb,A2,cefrj,711,,no,,711,
production,noun,A2,cefrj,713,,no,,713,
enter,verb,A2,cefrj,717,,no,,717,
alone,adjective,A2,cefrj,719,,no,,719,
significant,adjective,A2,cefrj,720,,no,,720,
drug,noun,A2,cefrj,721,,no,,721,
direct,adjective,A2,cefrj,724,,no,,724,
success,noun,A2,cefrj,725,,no,,725,
director,noun,A2,cefrj,727,,no,,727,
clearly,adverb,A2,cefrj,728,,no,,728,
lack,noun,A2,cefrj,729,,no,,729,
depend,verb,A2,cefrj,731,,no,,731,
purpose,noun,A2,cefrj,735,,no,,735,
argue,verb,A2,cefrj,740,,no,,740,
mark,noun,A2,cefrj,743,,no,,743,
mark,verb,A2,cefrj,743,,no,,743,
achieve,verb,A2,cefrj,746,,no,,746,
cent,noun,A2,cefrj,749,,no,,749,
stuff,noun,A2,cefrj,752,,no,,752,
wide,adjective,A2,cefrj,753,,no,,753,
wide,adverb,A2,cefrj,753,,no,,753,
method,noun,A2,cefrj,755,,no,,755,
military,adjective,A2,cefrj,758,,no,,758,
discussion,noun,A2,cefrj,764,,no,,764,
challenge,noun,A2,cefrj,766,,no,,766,
nation,noun,A2,cefrj,767,,no,,767,
nearly,adverb,A2,cefrj,768,,no,,768,
statement,noun,A2,cefrj,769,,no,,769,
advantage,noun,A2,cefrj,773,,no,,773,
marry,verb,A2,cefrj,775,,no,,775,
strike,noun,A2,cefrj,776,,no,,776,
seek,verb,A2,cefrj,778,,no,,778,
ability,noun,A2,cefrj,779,,no,,779,
unit,noun,A2,cefrj,780,,no,,780,
reservation,noun,B1,cefrj,7,business_office,yes,7,,860
fax,noun,B1,cefrj,9,business_office,yes,9,,534
fax,verb,B1,cefrj,9,business_office,yes,9,,534
sometime,adverb,B1,cefrj,12,business_office,yes,12,,20
refund,noun,B1,cefrj,14,business_office,yes,14,,756
goods,noun,B1,cefrj,15,business_office,yes,15,,2
workshop,noun,B1,cefrj,16,business_office,yes,16,,1136
deadline,noun,B1,cefrj,18,business_office,yes,18,,560
accountant,noun,B1,cefrj,22,business_office,yes,22,,90
enclose,verb,B1,cefrj,27,,yes,27,,
caller,noun,B1,cefrj,35,,yes,35,,
luggage,noun,B1,cefrj,37,,yes,37,,
warranty,noun,B1,cefrj,42,business_office,yes,42,,164
reception,noun,B1,cefrj,46,,yes,46,,
obtain,verb,B1,cefrj,58,business_office,yes,58,,17
outdoor,adjective,B1,cefrj,61,,yes,61,,
destination,noun,B1,cefrj,63,business_office,yes,63,,585
depart,verb,B1,cefrj,76,business_office,yes,76,,1428
passport,noun,B1,cefrj,84,business_office,yes,84,,1701
instructor,noun,B1,cefrj,90,business_office,yes,90,,1628
keyboard,noun,B1,cefrj,91,,yes,91,,
admission,noun,B1,cefrj,95,business_office,yes,95,,986
underline,verb,B1,cefrj,97,,yes,97,,
electrical,adjective,B1,cefrj,98,business_office,yes,98,,749
assignment,noun,B1,cefrj,100,business_office,yes,100,,174
exit,noun,B1,cefrj,101,business_office,yes,101,,411
exit,verb,B1,cefrj,101,business_office,yes,101,,411
renew,verb,B1,cefrj,110,business_office,yes,110,,457
departure,noun,B1,cefrj,113,business_office,yes,113,,477
fitness,noun,B1,cefrj,115,,yes,115,,
photocopy,noun,B1,cefrj,123,,yes,123,,
shortly,adverb,B1,cefrj,129,business_office,yes,129,,553
inspection,noun,B1,cefrj,136,business_office,yes,136,,325
mechanic,noun,B1,cefrj,140,,yes,140,,
ingredient,noun,B1,cefrj,144,business_office,yes,144,,704
rewrite,verb,B1,cefrj,145,business_office,yes,145,,1551
workplace,noun,B1,cefrj,147,business_office,yes,147,,422
architect,noun,B1,cefrj,148,business_office,yes,148,,935
baggage,noun,B1,cefrj,152,,yes,152,,
dial,noun,B1,cefrj,153,,yes,153,,
dial,verb,B1,cefrj,153,,yes,153,,
lab,noun,B1,cefrj,156,business_office,yes,156,,1615
bulletin,noun,B1,cefrj,158,,yes,158,,
gym,noun,B1,cefrj,160,,yes,160,,
outstanding,adjective,B1,cefrj,167,business_office,yes,167,,70
overnight,adjective,B1,cefrj,174,business_office,yes,174,,969
overnight,adverb,B1,cefrj,174,business_office,yes,174,,969
logo,noun,B1,cefrj,177,business_office,yes,177,,901
shopper,noun,B1,cefrj,183,business_office,yes,183,,668
aspect,noun,B1,cefrj,186,business_office,yes,186,,47
password,noun,B1,cefrj,190,,yes,190,,
terminal,noun,B1,cefrj,193,business_office,yes,193,,557
ink,noun,B1,cefrj,198,business_office,yes,198,,1605
alike,adjective,B1,cefrj,207,business_office,yes,207,,829
alike,adverb,B1,cefrj,207,business_office,yes,207,,829
flavor,noun,B1,cefrj,208,business_office,yes,208,,1161
commonly,adverb,B1,cefrj,214,business_office,yes,214,,198
distribution,noun,B1,cefrj,215,business_office,yes,215,,12
authority,noun,B1,cefrj,224,business_office,yes,224,,16
flu,noun,B1,cefrj,225,,yes,225,,
questionnaire,noun,B1,cefrj,244,business_office,yes,244,,637
lately,adverb,B1,cefrj,248,business_office,yes,248,,1694
signature,noun,B1,cefrj,252,business_office,yes,252,,439
exclusive,adjective,B1,cefrj,256,business_office,yes,256,,240
thorough,adjective,B1,cefrj,262,business_office,yes,262,,1361
prescription,noun,B1,cefrj,270,business_office,yes,270,,688
productive,adjective,B1,cefrj,271,business_office,yes,271,,221
calculator,noun,B1,cefrj,276,business_office,yes,276,,471
ladder,noun,B1,cefrj,285,,yes,285,,
sculpture,noun,B1,cefrj,287,,yes,287,,
urgent,adjective,B1,cefrj,296,business_office,yes,296,,1267
annually,adverb,B1,cefrj,297,business_office,yes,297,,266
delete,verb,B1,cefrj,299,business_office,yes,299,,1468
accurately,adverb,B1,cefrj,303,business_office,yes,303,,570
cabin,noun,B1,cefrj,304,,yes,304,,
confirmation,noun,B1,cefrj,309,business_office,yes,309,,1650
graph,noun,B1,cefrj,312,business_office,yes,312,,171
behalf,noun,B1,cefrj,317,business_office,yes,317,,186
minimize,verb,B1,cefrj,318,business_office,yes,318,,134
protective,adjective,B1,cefrj,322,,yes,322,,
sidewalk,noun,B1,cefrj,324,,yes,324,,
casual,adjective,B1,cefrj,330,business_office,yes,330,,1441
fountain,noun,B1,cefrj,332,,yes,332,,
vacancy,noun,B1,cefrj,339,,yes,339,,
garment,noun,B1,cefrj,355,,yes,355,,
definite,adjective,B1,cefrj,364,,yes,364,,
generous,adjective,B1,cefrj,369,business_office,yes,369,,376
interrupt,verb,B1,cefrj,370,,yes,370,,
vegetarian,adjective,B1,cefrj,377,,yes,377,,
vegetarian,noun,B1,cefrj,377,,yes,377,,
realistic,adjective,B1,cefrj,383,business_office,yes,383,,556
trash,noun,B1,cefrj,385,,yes,385,,
usage,noun,B1,cefrj,386,business_office,yes,386,,286
ferry,noun,B1,cefrj,389,,yes,389,,
loyal,adjective,B1,cefrj,393,business_office,yes,393,,641
shortage,noun,B1,cefrj,398,business_office,yes,398,,202
accustom,verb,B1,cefrj,401,,yes,401,,
clinic,noun,B1,cefrj,402,business_office,yes,402,,1585
jog,verb,B1,cefrj,404,,yes,404,,
nap,noun,B1,cefrj,406,,yes,406,,
appreciation,noun,B1,cefrj,412,business_office,yes,412,,613
furnish,verb,B1,cefrj,418,business_office,yes,418,,1408
mechanical,adjective,B1,cefrj,422,business_office,yes,422,,1386
pharmacy,noun,B1,cefrj,423,,yes,423,,
residential,adjective,B1,cefrj,426,business_office,yes,426,,748
scholarship,noun,B1,cefrj,427,,yes,427,,
accessible,adjective,B1,cefrj,432,business_office,yes,432,,1131
afterward,adverb,B1,cefrj,433,business_office,yes,433,,1144
apology,noun,B1,cefrj,434,,yes,434,,
classify,verb,B1,cefrj,440,business_office,yes,440,,117
patience,noun,B1,cefrj,447,,yes,447,,
postcard,noun,B1,cefrj,448,,yes,448,,
revision,noun,B1,cefrj,450,business_office,yes,450,,970
calculation,noun,B1,cefrj,459,business_office,yes,459,,48
graphic,adjective,B1,cefrj,464,,yes,464,,
librarian,noun,B1,cefrj,467,,yes,467,,
performer,noun,B1,cefrj,470,business_office,yes,470,,1179
actress,noun,B1,cefrj,478,,yes,478,,
congratulate,verb,B1,cefrj,481,,yes,481,,
purse,noun,B1,cefrj,486,,yes,486,,
rearrange,verb,B1,cefrj,488,,yes,488,,
superior,adjective,B1,cefrj,492,business_office,yes,492,,199
mislead,verb,B1,cefrj,503,business_office,yes,503,,423
celebrity,noun,B1,cefrj,517,business_office,yes,517,,1156
enthusiastic,adjective,B1,cefrj,521,business_office,yes,521,,1640
graduation,noun,B1,cefrj,522,,yes,522,,
irregular,adjective,B1,cefrj,524,,yes,524,,
mineral,noun,B1,cefrj,527,business_office,yes,527,,1096
motorcycle,noun,B1,cefrj,528,,yes,528,,
remainder,noun,B1,cefrj,534,business_office,yes,534,,822
steadily,adverb,B1,cefrj,536,business_office,yes,536,,771
accessory,noun,B1,cefrj,539,,yes,539,,
dislike,verb,B1,cefrj,544,business_office,yes,544,,806
downstairs,adjective,B1,cefrj,545,,yes,545,,
nail,noun,B1,cefrj,549,,yes,549,,
sleeve,noun,B1,cefrj,553,,yes,553,,
upstairs,adjective,B1,cefrj,557,,yes,557,,
upstairs,noun,B1,cefrj,557,,yes,557,,
visa,noun,B1,cefrj,559,business_office,yes,559,,1247
wildlife,noun,B1,cefrj,560,,yes,560,,
absent,adjective,B1,cefrj,562,,yes,562,,
firefighter,noun,B1,cefrj,574,,yes,574,,
landlord,noun,B1,cefrj,578,business_office,yes,578,,445
safely,adverb,B1,cefrj,585,,yes,585,,
simplify,verb,B1,cefrj,586,business_office,yes,586,,366
unexpected,adjective,B1,cefrj,589,business_office,yes,589,,476
caution,noun,B1,cefrj,593,business_office,yes,593,,859
clip,noun,B1,cefrj,594,business_office,yes,594,,1613
eager,adjective,B1,cefrj,598,business_office,yes,598,,877
fasten,verb,B1,cefrj,601,,yes,601,,
informative,adjective,B1,cefrj,603,,yes,603,,
institute,noun,B1,cefrj,604,business_office,yes,604,,880
basement,noun,B1,cefrj,627,,yes,627,,
documentary,noun,B1,cefrj,630,,yes,630,,
jazz,noun,B1,cefrj,636,,yes,636,,
mild,adjective,B1,cefrj,640,business_office,yes,640,,1337
pie,noun,B1,cefrj,643,,yes,643,,
plug,noun,B1,cefrj,644,business_office,yes,644,,928
referee,noun,B1,cefrj,646,,yes,646,,
aboard,adverb,B1,cefrj,655,,yes,655,,
checkout,noun,B1,cefrj,665,,yes,665,,
chemistry,noun,B1,cefrj,666,,yes,666,,
irritate,verb,B1,cefrj,682,,yes,682,,
salesman,noun,B1,cefrj,688,,yes,688,,
acceptance,noun,B1,cefrj,698,business_office,yes,698,,160
ambitious,adjective,B1,cefrj,700,business_office,yes,700,,435
correction,noun,B1,cefrj,706,business_office,yes,706,,618
dishwasher,noun,B1,cefrj,711,,yes,711,,
firework,noun,B1,cefrj,715,,yes,715,,
fry,verb,B1,cefrj,717,,yes,717,,
gallon,noun,B1,cefrj,718,business_office,yes,718,,716
parcel,noun,B1,cefrj,729,,yes,729,,
specially,adverb,B1,cefrj,742,,yes,742,,
tablet,noun,B1,cefrj,746,,yes,746,,
yoga,noun,B1,cefrj,749,,yes,749,,
accent,noun,B1,cefrj,750,,yes,750,,
bakery,noun,B1,cefrj,754,,yes,754,,
carton,noun,B1,cefrj,755,,yes,755,,
consumption,noun,B1,cefrj,758,business_office,yes,758,,28
disagreement,noun,B1,cefrj,763,business_office,yes,763,,1248
disappointment,noun,B1,cefrj,764,,yes,764,,
enjoyable,adjective,B1,cefrj,766,,yes,766,,
favorable,adjective,B1,cefrj,768,business_office,yes,768,,264
graphics,noun,B1,cefrj,773,business_office,yes,773,,1301
handy,adjective,B1,cefrj,774,,yes,774,,
repeatedly,adverb,B1,cefrj,787,business_office,yes,787,,851
teller,noun,B1,cefrj,795,,yes,795,,
absorb,verb,B1,cefrj,801,business_office,yes,801,,461
antique,noun,B1,cefrj,804,,yes,804,,
careless,adjective,B1,cefrj,808,,yes,808,,
contrary,adjective,B1,cefrj,813,business_office,yes,813,,500
dive,noun,B1,cefrj,816,,yes,816,,
dive,verb,B1,cefrj,816,,yes,816,,
guidance,noun,B1,cefrj,823,business_office,yes,823,,242
orchestra,noun,B1,cefrj,832,,yes,832,,
physics,noun,B1,cefrj,835,business_office,yes,835,,1282
pole,noun,B1,cefrj,836,,yes,836,,
puzzle,noun,B1,cefrj,837,business_office,yes,837,,824
sticker,noun,B1,cefrj,841,,yes,841,,
timely,adjective,B1,cefrj,843,business_office,yes,843,,596
barbecue,verb,B1,cefrj,848,,yes,848,,
biology,noun,B1,cefrj,850,,yes,850,,
grill,noun,B1,cefrj,865,,yes,865,,
grill,verb,B1,cefrj,865,,yes,865,,
internationally,adverb,B1,cefrj,867,business_office,yes,867,,1105
reproduce,verb,B1,cefrj,873,business_office,yes,873,,548
strategic,adjective,B1,cefrj,876,business_office,yes,876,,31
stripe,noun,B1,cefrj,877,,yes,877,,
teen,noun,B1,cefrj,878,,yes,878,,
tempt,verb,B1,cefrj,879,business_office,yes,879,,493
unusually,adverb,B1,cefrj,882,business_office,yes,882,,831
whale,noun,B1,cefrj,884,,yes,884,,
attain,verb,B1,cefrj,890,business_office,yes,890,,1069
cautious,adjective,B1,cefrj,894,business_office,yes,894,,869
convey,verb,B1,cefrj,898,business_office,yes,898,,702
delicate,adjective,B1,cefrj,902,,yes,902,,
enthusiasm,noun,B1,cefrj,907,business_office,yes,907,,468
enthusiast,noun,B1,cefrj,908,,yes,908,,
evident,adjective,B1,cefrj,909,business_office,yes,909,,858
hazard,noun,B1,cefrj,917,business_office,yes,917,,1059
meaningful,adjective,B1,cefrj,923,business_office,yes,923,,658
memorize,verb,B1,cefrj,924,,yes,924,,
merchant,noun,B1,cefrj,925,business_office,yes,925,,390
pillow,noun,B1,cefrj,931,,yes,931,,
popcorn,noun,B1,cefrj,932,,yes,932,,
pottery,noun,B1,cefrj,933,,yes,933,,
skate,verb,B1,cefrj,945,,yes,945,,
theft,noun,B1,cefrj,950,business_office,yes,950,,712
baker,noun,B1,cefrj,960,,yes,960,,
cage,noun,B1,cefrj,962,,yes,962,,
dull,adjective,B1,cefrj,973,,yes,973,,
evenly,adverb,B1,cefrj,975,,yes,975,,
excellence,noun,B1,cefrj,976,business_office,yes,976,,1517
farewell,noun,B1,cefrj,978,,yes,978,,
formally,adverb,B1,cefrj,984,business_office,yes,984,,620
heater,noun,B1,cefrj,988,,yes,988,,
helmet,noun,B1,cefrj,989,,yes,989,,
homeless,adjective,B1,cefrj,991,,yes,991,,
lighter,noun,B1,cefrj,992,,yes,992,,
loyalty,noun,B1,cefrj,994,business_office,yes,994,,237
officially,adverb,B1,cefrj,999,business_office,yes,999,,788
slot,noun,B1,cefrj,1012,business_office,yes,1012,,1335
traditionally,adverb,B1,cefrj,1016,business_office,yes,1016,,410
tremendous,adjective,B1,cefrj,1017,business_office,yes,1017,,1418
ward,noun,B1,cefrj,1021,,yes,1021,,
worthwhile,adjective,B1,cefrj,1022,business_office,yes,1022,,1413
artistic,adjective,B1,cefrj,1026,,yes,1026,,
athletic,adjective,B1,cefrj,1028,,yes,1028,,
cushion,noun,B1,cefrj,1041,,yes,1041,,
fluent,adjective,B1,cefrj,1051,,yes,1051,,
honestly,adverb,B1,cefrj,1052,,yes,1052,,
necklace,noun,B1,cefrj,1063,,yes,1063,,
partial,adjective,B1,cefrj,1067,business_office,yes,1067,,352
prominent,adjective,B1,cefrj,1072,business_office,yes,1072,,497
rainfall,noun,B1,cefrj,1073,,yes,1073,,
rubber,noun,B1,cefrj,1078,,yes,1078,,
similarity,noun,B1,cefrj,1082,business_office,yes,1082,,983
spectator,noun,B1,cefrj,1084,,yes,1084,,
tasty,adjective,B1,cefrj,1089,,yes,1089,,
terrific,adjective,B1,cefrj,1090,,yes,1090,,
whoever,pronoun,B1,cefrj,1095,,yes,1095,,
accuracy,noun,B1,cefrj,1098,business_office,yes,1098,,263
anyhow,adverb,B1,cefrj,1099,,yes,1099,,
backpack,noun,B1,cefrj,1103,,yes,1103,,
biography,noun,B1,cefrj,1106,business_office,yes,1106,,1716
bound,adjective,B1,cefrj,1107,business_office,yes,1107,,126
circus,noun,B1,cefrj,1111,,yes,1111,,
compliment,noun,B1,cefrj,1112,,yes,1112,,
copyright,noun,B1,cefrj,1115,business_office,yes,1115,,354
desperate,adjective,B1,cefrj,1119,business_office,yes,1119,,980
devastate,verb,B1,cefrj,1120,business_office,yes,1120,,1507
diagram,noun,B1,cefrj,1122,business_office,yes,1122,,188
disable,verb,B1,cefrj,1124,business_office,yes,1124,,1469
gossip,noun,B1,cefrj,1137,,yes,1137,,
indirect,adjective,B1,cefrj,1141,business_office,yes,1141,,190
lifeguard,noun,B1,cefrj,1148,,yes,1148,,
modem,noun,B1,cefrj,1149,,yes,1149,,
monument,noun,B1,cefrj,1150,,yes,1150,,
mosquito,noun,B1,cefrj,1151,,yes,1151,,
permanently,adverb,B1,cefrj,1161,business_office,yes,1161,,1560
railway,noun,B1,cefrj,1164,business_office,yes,1164,,289
satellite,noun,B1,cefrj,1173,business_office,yes,1173,,228
tile,noun,B1,cefrj,1185,,yes,1185,,
tropical,adjective,B1,cefrj,1188,,yes,1188,,
tuna,noun,B1,cefrj,1189,,yes,1189,,
unemployed,adjective,B1,cefrj,1190,business_office,yes,1190,,605
willingness,noun,B1,cefrj,1193,business_office,yes,1193,,492
wristwatch,noun,B1,cefrj,1194,,yes,1194,,
nutrition,noun,B1,cefrj,1227,,yes,1227,,
resemble,verb,B1,cefrj,1246,business_office,yes,1246,,1024
but,preposition,B1,cefrj,25,,no,,25,
go,noun,B1,cefrj,31,,no,,31,
more,adverb,B1,cefrj,42,,no,,42,
like,conjunction,B1,cefrj,45,,no,,45,
take,noun,B1,cefrj,59,,no,,59,
after,conjunction,B1,cefrj,84,,no,,84,
back,verb,B1,cefrj,94,,no,,94,
even,adjective,B1,cefrj,96,,no,,96,
last,adverb,B1,cefrj,101,,no,,101,
last,verb,B1,cefrj,101,,no,,101,
through,adverb,B1,cefrj,108,,no,,108,
place,verb,B1,cefrj,114,,no,,114,
leave,noun,B1,cefrj,126,,no,,126,
own,verb,B1,cefrj,129,,no,,129,
little,determiner,B1,cefrj,132,,no,,132,
little,pronoun,B1,cefrj,132,,no,,132,
talk,noun,B1,cefrj,137,,no,,137,
interest,verb,B1,cefrj,142,,no,,142,
off,preposition,B1,cefrj,150,,no,,150,
live,adjective,B1,cefrj,153,,no,,153,
while,noun,B1,cefrj,155,,no,,155,
report,verb,B1,cefrj,166,,no,,166,
group,verb,B1,cefrj,167,,no,,167,
book,verb,B1,cefrj,171,,no,,171,
since,conjunction,B1,cefrj,191,,no,,191,
few,pronoun,B1,cefrj,195,,no,,195,
name,verb,B1,cefrj,206,,no,,206,
market,verb,B1,cefrj,219,,no,,219,
service,noun,B1,cefrj,223,,no,,223,
service,verb,B1,cefrj,223,,no,,223,
second,adverb,B1,cefrj,226,,no,,226,
increase,noun,B1,cefrj,230,,no,,230,
plan,verb,B1,cefrj,232,,no,,232,
result,verb,B1,cefrj,233,,no,,233,
program,verb,B1,cefrj,240,,no,,240,
lead,adjective,B1,cefrj,241,,no,,241,
lead,verb,B1,cefrj,241,,no,,241,
hope,verb,B1,cefrj,250,,no,,250,
room,verb,B1,cefrj,254,,no,,254,
until,conjunction,B1,cefrj,255,,no,,255,
form,verb,B1,cefrj,257,,no,,257,
level,adjective,B1,cefrj,262,,no,,262,
experience,verb,B1,cefrj,264,,no,,264,
able,adjective,B1,cefrj,271,,no,,271,
support,verb,B1,cefrj,272,,no,,272,
whether,conjunction,B1,cefrj,273,,no,,273,
present,adjective,B1,cefrj,275,,no,,275,
term,noun,B1,cefrj,280,,no,,280,
least,adverb,B1,cefrj,281,,no,,281,
process,noun,B1,cefrj,286,,no,,286,
public,adjective,B1,cefrj,287,,no,,287,
view,verb,B1,cefrj,293,,no,,293,
control,verb,B1,cefrj,301,,no,,301,
whole,noun,B1,cefrj,310,,no,,310,
yet,conjunction,B1,cefrj,311,,no,,311,
care,verb,B1,cefrj,313,,no,,313,
sort,noun,B1,cefrj,316,,no,,316,
fall,noun,B1,cefrj,320,,no,,320,
deal,verb,B1,cefrj,321,,no,,321,
base,verb,B1,cefrj,327,,no,,327,
past,adjective,B1,cefrj,330,,no,,330,
record,noun,B1,cefrj,344,,no,,344,
stay,noun,B1,cefrj,345,,no,,345,
light,verb,B1,cefrj,349,,no,,349,
development,noun,B1,cefrj,363,,no,,363,
half,adverb,B1,cefrj,365,,no,,365,
clear,verb,B1,cefrj,369,,no,,369,
future,adjective,B1,cefrj,370,,no,,370,
either,determiner,B1,cefrj,371,,no,,371,
either,pronoun,B1,cefrj,371,,no,,371,
per,preposition,B1,cefrj,373,,no,,373,
top,adjective,B1,cefrj,375,,no,,375,
involve,verb,B1,cefrj,379,,no,,379,
reach,noun,B1,cefrj,380,,no,,380,
type,verb,B1,cefrj,389,,no,,389,
policy,noun,B1,cefrj,399,,no,,399,
further,adverb,B1,cefrj,400,,no,,400,
require,verb,B1,cefrj,402,,no,,402,
general,adjective,B1,cefrj,404,,no,,404,
general,noun,B1,cefrj,404,,no,,404,
individual,adjective,B1,cefrj,409,,no,,409,
near,adjective,B1,cefrj,427,,no,,427,
near,adverb,B1,cefrj,427,,no,,427,
human,noun,B1,cefrj,428,,no,,428,
film,verb,B1,cefrj,433,,no,,433,
account,verb,B1,cefrj,436,,no,,436,
shop,verb,B1,cefrj,437,,no,,437,
above,adjective,B1,cefrj,440,,no,,440,
design,verb,B1,cefrj,441,,no,,441,
sometimes,adverb,B1,cefrj,444,,no,,444,
decision,noun,B1,cefrj,449,,no,,449,
main,adjective,B1,cefrj,453,,no,,453,
cut,noun,B1,cefrj,456,,no,,456,
available,adjective,B1,cefrj,459,,no,,459,
rise,noun,B1,cefrj,462,,no,,462,
rise,verb,B1,cefrj,462,,no,,462,
please,verb,B1,cefrj,471,,no,,471,
date,verb,B1,cefrj,483,,no,,483,
model,adjective,B1,cefrj,485,,no,,485,
model,verb,B1,cefrj,485,,no,,485,
economic,adjective,B1,cefrj,493,,no,,493,
approach,noun,B1,cefrj,495,,no,,495,
land,noun,B1,cefrj,497,,no,,497,
charge,noun,B1,cefrj,498,,no,,498,
charge,verb,B1,cefrj,498,,no,,498,
sign,verb,B1,cefrj,500,,no,,500,
claim,noun,B1,cefrj,501,,no,,501,
relationship,noun,B1,cefrj,502,,no,,502,
amount,noun,B1,cefrj,507,,no,,507,
regard,verb,B1,cefrj,511,,no,,511,
organization,noun,B1,cefrj,512,,no,,512,
act,verb,B1,cefrj,515,,no,,515,
quality,adjective,B1,cefrj,517,,no,,517,
round,adjective,B1,cefrj,519,,no,,519,
round,noun,B1,cefrj,519,,no,,519,
fund,noun,B1,cefrj,527,,no,,527,
fund,verb,B1,cefrj,527,,no,,527,
rest,noun,B1,cefrj,528,,no,,528,
rest,verb,B1,cefrj,528,,no,,528,
kid,verb,B1,cefrj,529,,no,,529,
industry,noun,B1,cefrj,530,,no,,530,
measure,noun,B1,cefrj,532,,no,,532,
measure,verb,B1,cefrj,532,,no,,532,
security,noun,B1,cefrj,541,,no,,541,
benefit,noun,B1,cefrj,543,,no,,543,
risk,noun,B1,cefrj,545,,no,,545,
standard,noun,B1,cefrj,547,,no,,547,
vote,verb,B1,cefrj,548,,no,,548,
percent,noun,B1,cefrj,549,,no,,549,
single,noun,B1,cefrj,557,,no,,557,
address,verb,B1,cefrj,558,,no,,558,
mention,verb,B1,cefrj,564,,no,,564,
total,adjective,B1,cefrj,569,,no,,569,
total,noun,B1,cefrj,569,,no,,569,
demand,noun,B1,cefrj,570,,no,,570,
demand,verb,B1,cefrj,570,,no,,570,
limit,noun,B1,cefrj,572,,no,,572,
limit,verb,B1,cefrj,572,,no,,572,
foot,noun,B1,cefrj,576,,no,,576,
complete,verb,B1,cefrj,581,,no,,581,
lie,noun,B1,cefrj,582,,no,,582,
pick,noun,B1,cefrj,583,,no,,583,
reduce,verb,B1,cefrj,584,,no,,584,
patient,adjective,B1,cefrj,589,,no,,589,
current,adjective,B1,cefrj,590,,no,,590,
fight,verb,B1,cefrj,595,,no,,595,
fine,noun,B1,cefrj,597,,no,,597,
former,adjective,B1,cefrj,599,,no,,599,
particularly,adverb,B1,cefrj,601,,no,,601,
suppose,verb,B1,cefrj,610,,no,,610,
president,noun,B1,cefrj,612,,no,,612,
laugh,noun,B1,cefrj,620,,no,,620,
arm,verb,B1,cefrj,621,,no,,621,
firm,adjective,B1,cefrj,628,,no,,628,
firm,noun,B1,cefrj,628,,no,,628,
cell,noun,B1,cefrj,629,,no,,629,
surprise,verb,B1,cefrj,634,,no,,634,
affect,verb,B1,cefrj,639,,no,,639,
relate,verb,B1,cefrj,642,,no,,642,
financial,adjective,B1,cefrj,644,,no,,644,
pause,noun,B1,cefrj,649,,no,,649,
pause,verb,B1,cefrj,649,,no,,649,
contain,verb,B1,cefrj,663,,no,,663,
notice,verb,B1,cefrj,664,,no,,664,
wonder,noun,B1,cefrj,665,,no,,665,
plant,verb,B1,cefrj,671,,no,,671,
press,noun,B1,cefrj,674,,no,,674,
press,verb,B1,cefrj,674,,no,,674,
whatever,pronoun,B1,cefrj,675,,no,,675,
region,noun,B1,cefrj,677,,no,,677,
growth,noun,B1,cefrj,678,,no,,678,
respect,noun,B1,cefrj,681,,no,,681,
respect,verb,B1,cefrj,681,,no,,681,
various,adjective,B1,cefrj,682,,no,,682,
thus,adverb,B1,cefrj,684,,no,,684,
attempt,verb,B1,cefrj,686,,no,,686,
medium,adjective,B1,cefrj,689,,no,,689,
medium,noun,B1,cefrj,689,,no,,689,
management,noun,B1,cefrj,692,,no,,692,
hit,noun,B1,cefrj,695,,no,,695,
economy,noun,B1,cefrj,699,,no,,699,
fit,verb,B1,cefrj,700,,no,,700,
function,noun,B1,cefrj,702,,no,,702,
determine,verb,B1,cefrj,708,,no,,708,
comment,noun,B1,cefrj,716,,no,,716,
occur,verb,B1,cefrj,718,,no,,718,
series,noun,B1,cefrj,723,,no,,723,
direct,verb,B1,cefrj,724,,no,,724,
race,noun,B1,cefrj,732,,no,,732,
race,verb,B1,cefrj,732,,no,,732,
recognize,verb,B1,cefrj,733,,no,,733,
department,noun,B1,cefrj,736,,no,,736,
gain,noun,B1,cefrj,737,,no,,737,
gain,verb,B1,cefrj,737,,no,,737,
board,verb,B1,cefrj,741,,no,,741,
prove,verb,B1,cefrj,748,,no,,748,
season,noun,B1,cefrj,750,,no,,750,
analysis,noun,B1,cefrj,756,,no,,756,
election,noun,B1,cefrj,757,,no,,757,
link,noun,B1,cefrj,770,,no,,770,
link,verb,B1,cefrj,770,,no,,770,
despite,preposition,B1,cefrj,771,,no,,771,
strike,verb,B1,cefrj,776,,no,,776,
mile,noun,B1,cefrj,777,,no,,777,
interview,verb,B1,cefrj,784,,no,,784,
agreement,noun,B1,cefrj,785,,no,,785,
release,verb,B1,cefrj,786,,no,,786,
tax,noun,B1,cefrj,787,,no,,787,
aim,noun,B1,cefrj,794,,no,,794,
serious,adjective,B1,cefrj,796,,no,,796,
access,noun,B1,cefrj,802,,no,,802,
movement,noun,B1,cefrj,803,,no,,803,
treat,noun,B1,cefrj,804,,no,,804,
loss,noun,B1,cefrj,806,,no,,806,
treatment,noun,B1,cefrj,811,,no,,811,
supply,noun,B1,cefrj,814,,no,,814,
worth,adjective,B1,cefrj,816,,no,,816,
express,verb,B1,cefrj,818,,no,,818,
attend,verb,B1,cefrj,820,,no,,820,
score,noun,B1,cefrj,823,,no,,823,
score,verb,B1,cefrj,823,,no,,823,
sleep,noun,B1,cefrj,827,,no,,827,
fish,verb,B1,cefrj,828,,no,,828,
promise,verb,B1,cefrj,829,,no,,829,
potential,noun,B1,cefrj,830,,no,,830,
trouble,verb,B1,cefrj,832,,no,,832,
relation,noun,B1,cefrj,833,,no,,833,
touch,verb,B1,cefrj,834,,no,,834,
bar,verb,B1,cefrj,837,,no,,837,
suffer,verb,B1,cefrj,838,,no,,838,
tend,verb,B1,cefrj,843,,no,,843,
advance,verb,B1,cefrj,844,,no,,844,
star,verb,B1,cefrj,846,,no,,846,
network,noun,B1,cefrj,847,,no,,847,
generally,adverb,B1,cefrj,848,,no,,848,
operation,noun,B1,cefrj,849,,no,,849,
match,verb,B1,cefrj,850,,no,,850,
associate,verb,B1,cefrj,857,,no,,857,
positive,adjective,B1,cefrj,859,,no,,859,
option,noun,B1,cefrj,860,,no,,860,
huge,adjective,B1,cefrj,862,,no,,862,
instance,noun,B1,cefrj,864,,no,,864,
push,noun,B1,cefrj,868,,no,,868,
assume,verb,B1,cefrj,870,,no,,870,
theory,noun,B1,cefrj,876,,no,,876,
propose,verb,B1,cefrj,877,,no,,877,
document,noun,B1,cefrj,882,,no,,882,
pattern,noun,B1,cefrj,883,,no,,883,
application,noun,B1,cefrj,884,,no,,884,
obviously,adverb,B1,cefrj,886,,no,,886,
unclear,adjective,B1,cefrj,887,,no,,887,
bill,verb,B1,cefrj,888,,no,,888,
search,verb,B1,cefrj,889,,no,,889,
central,adjective,B1,cefrj,891,,no,,891,
career,noun,B1,cefrj,892,,no,,892,
throughout,preposition,B1,cefrj,897,,no,,897,
guess,noun,B1,cefrj,901,,no,,901,
protect,verb,B1,cefrj,903,,no,,903,
resource,noun,B1,cefrj,904,,no,,904,
disease,noun,B1,cefrj,906,,no,,906,
balance,noun,B1,cefrj,907,,no,,907,
damage,noun,B1,cefrj,908,,no,,908,
damage,verb,B1,cefrj,908,,no,,908,
basis,noun,B1,cefrj,909,,no,,909,
male,adjective,B1,cefrj,914,,no,,914,
income,noun,B1,cefrj,920,,no,,920,
property,noun,B1,cefrj,921,,no,,921,
previous,adjective,B1,cefrj,922,,no,,922,
define,verb,B1,cefrj,930,,no,,930,
conclusion,noun,B1,cefrj,931,,no,,931,
object,noun,B1,cefrj,942,,no,,942,
maintain,verb,B1,cefrj,943,,no,,943,
extend,verb,B1,cefrj,950,,no,,950,
possibility,noun,B1,cefrj,951,,no,,951,
facility,noun,B1,cefrj,953,,no,,953,
variety,noun,B1,cefrj,954,,no,,954,
completely,adverb,B1,cefrj,960,,no,,960,
responsibility,noun,B1,cefrj,962,,no,,962,
nor,conjunction,B1,cefrj,967,,no,,967,
fix,verb,B1,cefrj,973,,no,,973,
legal,adjective,B1,cefrj,979,,no,,979,
proposal,noun,B1,cefrj,980,,no,,980,
pound,noun,B1,cefrj,984,,no,,984,
shape,verb,B1,cefrj,986,,no,,986,
immediately,adverb,B1,cefrj,988,,no,,988,
welcome,adjective,B1,cefrj,989,,no,,989,
smile,verb,B1,cefrj,990,,no,,990,
judge,noun,B1,cefrj,995,,no,,995,
suddenly,adverb,B1,cefrj,997,,no,,997,
estimate,verb,B1,cefrj,999,,no,,999,
announce,verb,B1,cefrj,1004,,no,,1004,
unless,conjunction,B1,cefrj,1005,,no,,1005,
independent,adjective,B1,cefrj,1006,,no,,1006,
recommend,verb,B1,cefrj,1007,,no,,1007,
majority,noun,B1,cefrj,1009,,no,,1009,
stick,verb,B1,cefrj,1010,,no,,1010,
request,verb,B1,cefrj,1011,,no,,1011,
none,pronoun,B1,cefrj,1014,,no,,1014,
exchange,verb,B1,cefrj,1015,,no,,1015,
block,verb,B1,cefrj,1020,,no,,1020,
warm,verb,B1,cefrj,1021,,no,,1021,
count,noun,B1,cefrj,1022,,no,,1022,
content,noun,B1,cefrj,1025,,no,,1025,
element,noun,B1,cefrj,1030,,no,,1030,
effective,adjective,B1,cefrj,1031,,no,,1031,
beat,verb,B1,cefrj,1035,,no,,1035,
aware,adjective,B1,cefrj,1039,,no,,1039,
handle,verb,B1,cefrj,1041,,no,,1041,
stress,noun,B1,cefrj,1044,,no,,1044,
administration,noun,B1,cefrj,1046,,no,,1046,
complex,adjective,B1,cefrj,1047,,no,,1047,
directly,adverb,B1,cefrj,1051,,no,,1051,
remove,verb,B1,cefrj,1053,,no,,1053,
conduct,noun,B1,cefrj,1054,,no,,1054,
equipment,noun,B1,cefrj,1055,,no,,1055,
otherwise,adverb,B1,cefrj,1056,,no,,1056,
extra,noun,B1,cefrj,1058,,no,,1058,
sex,noun,B1,cefrj,1063,,no,,1063,
deliver,verb,B1,cefrj,1064,,no,,1064,
connection,noun,B1,cefrj,1066,,no,,1066,
inform,verb,B1,cefrj,1070,,no,,1070,
principle,noun,B1,cefrj,1071,,no,,1071,
appeal,noun,B1,cefrj,1073,,no,,1073,
highly,adverb,B1,cefrj,1074,,no,,1074,
flat,adjective,B1,cefrj,1077,,no,,1077,
absolutely,adverb,B1,cefrj,1078,,no,,1078,
flow,noun,B1,cefrj,1079,,no,,1079,
flow,verb,B1,cefrj,1079,,no,,1079,
fair,noun,B1,cefrj,1080,,no,,1080,
responsible,adjective,B1,cefrj,1082,,no,,1082,
hang,verb,B1,cefrj,1085,,no,,1085,
relative,adjective,B1,cefrj,1088,,no,,1088,
relative,noun,B1,cefrj,1088,,no,,1088,
tour,verb,B1,cefrj,1089,,no,,1089,
alternative,adjective,B1,cefrj,1090,,no,,1090,
alternative,noun,B1,cefrj,1090,,no,,1090,
ship,verb,B1,cefrj,1093,,no,,1093,
observe,verb,B1,cefrj,1098,,no,,1098,
print,noun,B1,cefrj,1100,,no,,1100,
progress,noun,B1,cefrj,1101,,no,,1101,
examine,verb,B1,cefrj,1104,,no,,1104,
lay,verb,B1,cefrj,1105,,no,,1105,
speed,verb,B1,cefrj,1106,,no,,1106,
politics,noun,B1,cefrj,1107,,no,,1107,
reply,verb,B1,cefrj,1108,,no,,1108,
display,verb,B1,cefrj,1109,,no,,1109,
transfer,verb,B1,cefrj,1110,,no,,1110,
slightly,adverb,B1,cefrj,1112,,no,,1112,
intend,verb,B1,cefrj,1114,,no,,1114,
respond,verb,B1,cefrj,1116,,no,,1116,
slow,adverb,B1,cefrj,1118,,no,,1118,
slow,verb,B1,cefrj,1118,,no,,1118,
status,noun,B1,cefrj,1127,,no,,1127,
decline,noun,B1,cefrj,1129,,no,,1129,
launch,verb,B1,cefrj,1131,,no,,1131,
warn,verb,B1,cefrj,1132,,no,,1132,
consumer,noun,B1,cefrj,1133,,no,,1133,
eventually,adverb,B1,cefrj,1140,,no,,1140,
heat,verb,B1,cefrj,1141,,no,,1141,
distance,noun,B1,cefrj,1145,,no,,1145,
guide,noun,B1,cefrj,1146,,no,,1146,
guide,verb,B1,cefrj,1146,,no,,1146,
grant,noun,B1,cefrj,1147,,no,,1147,
grant,verb,B1,cefrj,1147,,no,,1147,
feed,verb,B1,cefrj,1149,,no,,1149,
pain,noun,B1,cefrj,1150,,no,,1150,
ensure,verb,B1,cefrj,1153,,no,,1153,
chief,adjective,B1,cefrj,1155,,no,,1155,
wave,verb,B1,cefrj,1158,,no,,1158,
surface,noun,B1,cefrj,1161,,no,,1161,
edge,noun,B1,cefrj,1164,,no,,1164,
lift,noun,B1,cefrj,1167,,no,,1167,
lift,verb,B1,cefrj,1167,,no,,1167,
global,adjective,B1,cefrj,1170,,no,,1170,
struggle,noun,B1,cefrj,1171,,no,,1171,
advertise,verb,B1,cefrj,1172,,no,,1172,
select,adjective,B1,cefrj,1173,,no,,1173,
surround,verb,B1,cefrj,1174,,no,,1174,
extent,noun,B1,cefrj,1175,,no,,1175,
annual,adjective,B1,cefrj,1177,,no,,1177,
reality,noun,B1,cefrj,1181,,no,,1181,
artist,noun,B1,cefrj,1183,,no,,1183,
conflict,noun,B1,cefrj,1184,,no,,1184,
entire,adjective,B1,cefrj,1185,,no,,1185,
presence,noun,B1,cefrj,1186,,no,,1186,
shift,verb,B1,cefrj,1190,,no,,1190,
net,noun,B1,cefrj,1191,,no,,1191,
category,noun,B1,cefrj,1192,,no,,1192,
defense,noun,B1,cefrj,1194,,no,,1194,
nuclear,adjective,B1,cefrj,1198,,no,,1198,
introduction,noun,B1,cefrj,1203,,no,,1203,
requirement,noun,B1,cefrj,1204,,no,,1204,
confirm,verb,B1,cefrj,1206,,no,,1206,
refuse,noun,B1,cefrj,1209,,no,,1209,
refuse,verb,B1,cefrj,1209,,no,,1209,
transport,noun,B1,cefrj,1210,,no,,1210,
emerge,verb,B1,cefrj,1211,,no,,1211,
concept,noun,B1,cefrj,1213,,no,,1213,
technique,noun,B1,cefrj,1224,,no,,1224,
improvement,noun,B1,cefrj,1226,,no,,1226,
mass,adjective,B1,cefrj,1236,,no,,1236,
contribute,verb,B1,cefrj,1238,,no,,1238,
failure,noun,B1,cefrj,1239,,no,,1239,
adopt,verb,B1,cefrj,1243,,no,,1243,
combine,verb,B1,cefrj,1244,,no,,1244,
waste,adjective,B1,cefrj,1246,,no,,1246,
waste,noun,B1,cefrj,1246,,no,,1246,
waste,verb,B1,cefrj,1246,,no,,1246,
marriage,noun,B1,cefrj,1248,,no,,1248,
equal,adjective,B1,cefrj,1254,,no,,1254,
client,noun,B2,cefrj,3,business_office,yes,3,,14
supervisor,noun,B2,cefrj,13,business_office,yes,13,,338
brochure,noun,B2,cefrj,20,business_office,yes,20,,1531
lobby,noun,B2,cefrj,24,business_office,yes,24,,210
applicant,noun,B2,cefrj,28,business_office,yes,28,,310
seminar,noun,B2,cefrj,29,business_office,yes,29,,1169
infer,verb,B2,cefrj,39,,yes,39,,
rental,noun,B2,cefrj,41,business_office,yes,41,,243
lease,noun,B2,cefrj,48,business_office,yes,48,,10
manual,adjective,B2,cefrj,55,business_office,yes,55,,418
manual,noun,B2,cefrj,55,business_office,yes,55,,418
oval,adjective,B2,cefrj,59,,yes,59,,
postpone,verb,B2,cefrj,65,business_office,yes,65,,951
contradict,verb,B2,cefrj,66,,yes,66,,
inference,noun,B2,cefrj,68,business_office,yes,68,,1576
merchandise,noun,B2,cefrj,71,business_office,yes,71,,125
identification,noun,B2,cefrj,74,business_office,yes,74,,416
upgrade,noun,B2,cefrj,80,business_office,yes,80,,409
upgrade,verb,B2,cefrj,80,business_office,yes,80,,409
precede,verb,B2,cefrj,81,business_office,yes,81,,365
replacement,noun,B2,cefrj,82,business_office,yes,82,,179
cabinet,noun,B2,cefrj,87,business_office,yes,87,,227
media,noun,B2,cefrj,92,business_office,yes,92,,22
valid,adjective,B2,cefrj,94,business_office,yes,94,,280
laptop,noun,B2,cefrj,96,business_office,yes,96,,1270
cruise,verb,B2,cefrj,103,business_office,yes,103,,1659
comprehension,noun,B2,cefrj,106,,yes,106,,
medication,noun,B2,cefrj,108,,yes,108,,
donation,noun,B2,cefrj,127,business_office,yes,127,,1103
feedback,noun,B2,cefrj,128,business_office,yes,128,,185
inspect,verb,B2,cefrj,139,business_office,yes,139,,1455
merger,noun,B2,cefrj,141,business_office,yes,141,,25
eligible,adjective,B2,cefrj,150,business_office,yes,150,,361
certificate,noun,B2,cefrj,159,business_office,yes,159,,201
overtime,adverb,B2,cefrj,164,business_office,yes,164,,1366
overtime,noun,B2,cefrj,164,business_office,yes,164,,1366
donate,verb,B2,cefrj,166,,yes,166,,
skim,verb,B2,cefrj,168,,yes,168,,
innovative,adjective,B2,cefrj,172,business_office,yes,172,,297
inquire,verb,B2,cefrj,173,,yes,173,,
venue,noun,B2,cefrj,175,,yes,175,,
tag,noun,B2,cefrj,184,business_office,yes,184,,562
audit,noun,B2,cefrj,187,business_office,yes,187,,26
download,noun,B2,cefrj,189,business_office,yes,189,,258
prohibit,verb,B2,cefrj,191,business_office,yes,191,,206
supervise,verb,B2,cefrj,199,business_office,yes,199,,968
recipe,noun,B2,cefrj,210,business_office,yes,210,,1713
administrative,adjective,B2,cefrj,212,business_office,yes,212,,131
authorize,verb,B2,cefrj,213,business_office,yes,213,,138
affordable,adjective,B2,cefrj,218,business_office,yes,218,,1268
commute,verb,B2,cefrj,220,,yes,220,,
paperwork,noun,B2,cefrj,222,,yes,222,,
quit,adjective,B2,cefrj,223,business_office,yes,223,,713
trainer,noun,B2,cefrj,228,,yes,228,,
availability,noun,B2,cefrj,229,business_office,yes,229,,269
bargain,verb,B2,cefrj,230,business_office,yes,230,,127
trainee,noun,B2,cefrj,237,business_office,yes,237,,1647
dock,noun,B2,cefrj,246,,yes,246,,
presenter,noun,B2,cefrj,250,,yes,250,,
seldom,adverb,B2,cefrj,251,business_office,yes,251,,1298
worldwide,adjective,B2,cefrj,253,business_office,yes,253,,145
dental,adjective,B2,cefrj,265,,yes,265,,
patron,noun,B2,cefrj,269,,yes,269,,
stack,noun,B2,cefrj,273,business_office,yes,273,,1712
delegate,noun,B2,cefrj,274,business_office,yes,274,,392
salesperson,noun,B2,cefrj,275,business_office,yes,275,,1090
completion,noun,B2,cefrj,277,business_office,yes,277,,219
spite,noun,B2,cefrj,281,business_office,yes,281,,1360
correspondence,noun,B2,cefrj,284,,yes,284,,
leak,noun,B2,cefrj,292,business_office,yes,292,,779
leak,verb,B2,cefrj,292,business_office,yes,292,,779
conductor,noun,B2,cefrj,305,,yes,305,,
inspector,noun,B2,cefrj,306,business_office,yes,306,,574
utility,noun,B2,cefrj,314,business_office,yes,314,,35
banker,noun,B2,cefrj,316,business_office,yes,316,,101
optional,adjective,B2,cefrj,319,,yes,319,,
seller,noun,B2,cefrj,323,business_office,yes,323,,24
popularity,noun,B2,cefrj,335,business_office,yes,335,,358
promptly,adverb,B2,cefrj,337,business_office,yes,337,,1050
retailer,noun,B2,cefrj,338,business_office,yes,338,,54
disposal,noun,B2,cefrj,343,business_office,yes,343,,324
housekeeper,noun,B2,cefrj,344,,yes,344,,
organizer,noun,B2,cefrj,347,,yes,347,,
booklet,noun,B2,cefrj,351,,yes,351,,
enroll,verb,B2,cefrj,353,,yes,353,,
outlet,noun,B2,cefrj,357,business_office,yes,357,,566
packet,noun,B2,cefrj,358,business_office,yes,358,,1060
plumber,noun,B2,cefrj,359,,yes,359,,
decorate,verb,B2,cefrj,362,,yes,362,,
deduction,noun,B2,cefrj,363,business_office,yes,363,,398
economical,adjective,B2,cefrj,365,,yes,365,,
profitable,adjective,B2,cefrj,373,business_office,yes,373,,97
thoroughly,adverb,B2,cefrj,384,business_office,yes,384,,1518
incur,verb,B2,cefrj,391,business_office,yes,391,,62
instruct,verb,B2,cefrj,392,business_office,yes,392,,1629
microphone,noun,B2,cefrj,395,,yes,395,,
desktop,noun,B2,cefrj,403,business_office,yes,403,,1066
jog,noun,B2,cefrj,404,,yes,404,,
reinforce,verb,B2,cefrj,407,business_office,yes,407,,301
cooperate,verb,B2,cefrj,414,,yes,414,,
distract,verb,B2,cefrj,415,,yes,415,,
hourly,adjective,B2,cefrj,419,,yes,419,,
laundry,noun,B2,cefrj,420,,yes,420,,
temporarily,adverb,B2,cefrj,429,business_office,yes,429,,915
assemble,verb,B2,cefrj,435,business_office,yes,435,,456
hardware,noun,B2,cefrj,444,business_office,yes,444,,370
strictly,adverb,B2,cefrj,451,business_office,yes,451,,432
tray,noun,B2,cefrj,453,,yes,453,,
withdrawal,noun,B2,cefrj,455,business_office,yes,455,,207
badge,noun,B2,cefrj,457,,yes,457,,
brake,verb,B2,cefrj,458,,yes,458,,
costly,adjective,B2,cefrj,461,business_office,yes,461,,197
equip,verb,B2,cefrj,462,business_office,yes,462,,685
excursion,noun,B2,cefrj,463,,yes,463,,
lengthy,adjective,B2,cefrj,466,,yes,466,,
merge,verb,B2,cefrj,469,business_office,yes,469,,215
pharmacist,noun,B2,cefrj,471,,yes,471,,
resignation,noun,B2,cefrj,473,business_office,yes,473,,1049
translation,noun,B2,cefrj,476,business_office,yes,476,,696
unfamiliar,adjective,B2,cefrj,477,,yes,477,,
alternate,verb,B2,cefrj,480,,yes,480,,
mask,noun,B2,cefrj,484,,yes,484,,
considerably,adverb,B2,cefrj,496,business_office,yes,496,,717
faulty,adjective,B2,cefrj,497,,yes,497,,
informal,adjective,B2,cefrj,499,business_office,yes,499,,397
lawn,noun,B2,cefrj,501,,yes,501,,
microscope,noun,B2,cefrj,502,,yes,502,,
rack,noun,B2,cefrj,508,,yes,508,,
statistics,noun,B2,cefrj,510,business_office,yes,510,,129
tunnel,noun,B2,cefrj,511,business_office,yes,511,,1584
unlimited,adjective,B2,cefrj,512,business_office,yes,512,,1093
vitamin,noun,B2,cefrj,513,,yes,513,,
alert,verb,B2,cefrj,515,business_office,yes,515,,825
electrician,noun,B2,cefrj,520,,yes,520,,
icy,adjective,B2,cefrj,523,,yes,523,,
necessity,noun,B2,cefrj,529,business_office,yes,529,,974
programmer,noun,B2,cefrj,531,business_office,yes,531,,1690
vacant,adjective,B2,cefrj,538,,yes,538,,
assembly,noun,B2,cefrj,540,business_office,yes,540,,196
certification,noun,B2,cefrj,542,business_office,yes,542,,1112
closure,noun,B2,cefrj,543,business_office,yes,543,,888
jam,verb,B2,cefrj,548,,yes,548,,
optimistic,adjective,B2,cefrj,550,business_office,yes,550,,404
pedestrian,noun,B2,cefrj,551,,yes,551,,
projection,noun,B2,cefrj,552,business_office,yes,552,,462
suburb,noun,B2,cefrj,554,business_office,yes,554,,882
unsure,adjective,B2,cefrj,556,,yes,556,,
verbal,adjective,B2,cefrj,558,business_office,yes,558,,1722
accumulate,verb,B2,cefrj,563,business_office,yes,563,,183
ceiling,noun,B2,cefrj,567,business_office,yes,567,,925
compensate,verb,B2,cefrj,569,business_office,yes,569,,214
costume,noun,B2,cefrj,570,,yes,570,,
editorial,noun,B2,cefrj,571,business_office,yes,571,,1610
effectiveness,noun,B2,cefrj,572,business_office,yes,572,,124
facilitate,verb,B2,cefrj,573,business_office,yes,573,,259
specialty,noun,B2,cefrj,587,business_office,yes,587,,1437
bankrupt,verb,B2,cefrj,592,business_office,yes,592,,865
duplicate,noun,B2,cefrj,597,business_office,yes,597,,339
economist,noun,B2,cefrj,599,business_office,yes,599,,21
embassy,noun,B2,cefrj,600,,yes,600,,
mentor,noun,B2,cefrj,607,business_office,yes,607,,1426
parade,noun,B2,cefrj,610,,yes,610,,
physician,noun,B2,cefrj,611,business_office,yes,611,,1682
polish,noun,B2,cefrj,612,,yes,612,,
satisfactory,adjective,B2,cefrj,617,business_office,yes,617,,1262
seasonal,adjective,B2,cefrj,618,business_office,yes,618,,878
separately,adverb,B2,cefrj,619,business_office,yes,619,,313
accordingly,adverb,B2,cefrj,622,business_office,yes,622,,765
elegant,adjective,B2,cefrj,633,,yes,633,,
excessive,adjective,B2,cefrj,634,business_office,yes,634,,455
lifetime,noun,B2,cefrj,637,business_office,yes,637,,652
massage,noun,B2,cefrj,638,,yes,638,,
plug,verb,B2,cefrj,644,business_office,yes,644,,928
advancement,noun,B2,cefrj,656,,yes,656,,
alternatively,adverb,B2,cefrj,658,,yes,658,,
amuse,verb,B2,cefrj,659,,yes,659,,
certify,verb,B2,cefrj,664,business_office,yes,664,,898
consent,noun,B2,cefrj,669,business_office,yes,669,,454
deck,noun,B2,cefrj,672,,yes,672,,
descriptive,adjective,B2,cefrj,673,,yes,673,,
detach,verb,B2,cefrj,674,,yes,674,,
entrepreneur,noun,B2,cefrj,676,business_office,yes,676,,272
exceptional,adjective,B2,cefrj,677,business_office,yes,677,,1055
familiarize,verb,B2,cefrj,678,,yes,678,,
overlook,verb,B2,cefrj,684,business_office,yes,684,,890
preliminary,adjective,B2,cefrj,687,business_office,yes,687,,755
translator,noun,B2,cefrj,693,,yes,693,,
tuition,noun,B2,cefrj,694,,yes,694,,
unavailable,adjective,B2,cefrj,695,,yes,695,,
booth,noun,B2,cefrj,702,,yes,702,,
clarify,verb,B2,cefrj,703,business_office,yes,703,,847
compile,verb,B2,cefrj,705,business_office,yes,705,,1004
dedication,noun,B2,cefrj,708,,yes,708,,
drought,noun,B2,cefrj,712,,yes,712,,
gardener,noun,B2,cefrj,719,,yes,719,,
ideally,adverb,B2,cefrj,720,business_office,yes,720,,1440
insufficient,adjective,B2,cefrj,722,business_office,yes,722,,1159
punctual,adjective,B2,cefrj,734,,yes,734,,
recreation,noun,B2,cefrj,735,,yes,735,,
relieve,verb,B2,cefrj,736,business_office,yes,736,,1352
reminder,noun,B2,cefrj,737,business_office,yes,737,,1433
subtract,verb,B2,cefrj,745,business_office,yes,745,,622
ton,noun,B2,cefrj,747,business_office,yes,747,,707
compatible,adjective,B2,cefrj,757,business_office,yes,757,,1574
conveniently,adverb,B2,cefrj,759,,yes,759,,
courtesy,noun,B2,cefrj,761,,yes,761,,
faculty,noun,B2,cefrj,767,business_office,yes,767,,1486
foreman,noun,B2,cefrj,769,,yes,769,,
hazardous,adjective,B2,cefrj,775,,yes,775,,
influential,adjective,B2,cefrj,778,business_office,yes,778,,612
nationwide,adjective,B2,cefrj,779,business_office,yes,779,,1387
nationwide,adverb,B2,cefrj,779,business_office,yes,779,,1387
pad,noun,B2,cefrj,780,,yes,780,,
postal,adjective,B2,cefrj,783,,yes,783,,
publicity,noun,B2,cefrj,784,business_office,yes,784,,734
spa,noun,B2,cefrj,790,,yes,790,,
spreadsheet,noun,B2,cefrj,791,business_office,yes,791,,262
toll,noun,B2,cefrj,797,business_office,yes,797,,682
urgently,adverb,B2,cefrj,799,,yes,799,,
ample,adjective,B2,cefrj,803,,yes,803,,
antique,adjective,B2,cefrj,804,,yes,804,,
browse,verb,B2,cefrj,806,,yes,806,,
collector,noun,B2,cefrj,809,,yes,809,,
contradiction,noun,B2,cefrj,812,,yes,812,,
diploma,noun,B2,cefrj,814,,yes,814,,
distributor,noun,B2,cefrj,815,business_office,yes,815,,380
environmentally,adverb,B2,cefrj,818,,yes,818,,
exotic,adjective,B2,cefrj,820,,yes,820,,
fabric,noun,B2,cefrj,821,,yes,821,,
generalization,noun,B2,cefrj,822,,yes,822,,
gum,noun,B2,cefrj,824,,yes,824,,
likewise,adverb,B2,cefrj,830,business_office,yes,830,,1076
outlook,noun,B2,cefrj,834,business_office,yes,834,,510
approximate,adjective,B2,cefrj,846,business_office,yes,846,,1018
await,verb,B2,cefrj,847,business_office,yes,847,,978
dependable,adjective,B2,cefrj,858,,yes,858,,
disconnect,verb,B2,cefrj,859,,yes,859,,
disrupt,verb,B2,cefrj,861,business_office,yes,861,,1333
dynamic,adjective,B2,cefrj,862,business_office,yes,862,,167
enthusiastically,adverb,B2,cefrj,863,,yes,863,,
messenger,noun,B2,cefrj,869,,yes,869,,
spray,noun,B2,cefrj,874,,yes,874,,
spray,verb,B2,cefrj,874,,yes,874,,
unload,verb,B2,cefrj,881,,yes,881,,
ambassador,noun,B2,cefrj,887,business_office,yes,887,,1038
circuit,noun,B2,cefrj,895,business_office,yes,895,,1110
clap,verb,B2,cefrj,896,,yes,896,,
commerce,noun,B2,cefrj,897,business_office,yes,897,,173
debit,noun,B2,cefrj,901,business_office,yes,901,,108
debit,verb,B2,cefrj,901,business_office,yes,901,,108
distraction,noun,B2,cefrj,904,,yes,904,,
downsize,verb,B2,cefrj,905,,yes,905,,
flexibility,noun,B2,cefrj,910,business_office,yes,910,,135
imperative,noun,B2,cefrj,919,,yes,919,,
inflate,verb,B2,cefrj,920,business_office,yes,920,,1094
lecturer,noun,B2,cefrj,922,,yes,922,,
modification,noun,B2,cefrj,926,business_office,yes,926,,701
publicize,verb,B2,cefrj,935,,yes,935,,
refinery,noun,B2,cefrj,938,,yes,938,,
refresh,noun,B2,cefrj,939,,yes,939,,
reluctant,adjective,B2,cefrj,943,business_office,yes,943,,337
skateboard,noun,B2,cefrj,946,,yes,946,,
transmission,noun,B2,cefrj,952,business_office,yes,952,,587
transmit,verb,B2,cefrj,953,business_office,yes,953,,385
additionally,adverb,B2,cefrj,958,,yes,958,,
desirable,adjective,B2,cefrj,969,business_office,yes,969,,360
exclusively,adverb,B2,cefrj,977,business_office,yes,977,,977
fiscal,adjective,B2,cefrj,980,business_office,yes,980,,44
fleet,noun,B2,cefrj,981,business_office,yes,981,,893
microwave,noun,B2,cefrj,995,,yes,995,,
neat,adjective,B2,cefrj,997,,yes,997,,
nomination,noun,B2,cefrj,998,business_office,yes,998,,1324
outfit,noun,B2,cefrj,1000,business_office,yes,1000,,1017
prestigious,adjective,B2,cefrj,1004,,yes,1004,,
resume,verb,B2,cefrj,1007,business_office,yes,1007,,903
revolutionize,verb,B2,cefrj,1009,,yes,1009,,
signify,verb,B2,cefrj,1011,,yes,1011,,
steer,verb,B2,cefrj,1013,business_office,yes,1013,,738
sue,verb,B2,cefrj,1014,business_office,yes,1014,,268
superb,adjective,B2,cefrj,1015,,yes,1015,,
assurance,noun,B2,cefrj,1027,business_office,yes,1027,,450
bankruptcy,noun,B2,cefrj,1031,business_office,yes,1031,,86
comb,verb,B2,cefrj,1036,,yes,1036,,
comfortably,adverb,B2,cefrj,1037,,yes,1037,,
dose,noun,B2,cefrj,1042,business_office,yes,1042,,1519
evacuate,verb,B2,cefrj,1045,,yes,1045,,
flaw,noun,B2,cefrj,1049,business_office,yes,1049,,508
hygiene,noun,B2,cefrj,1055,,yes,1055,,
interactive,adjective,B2,cefrj,1057,business_office,yes,1057,,1310
interfere,verb,B2,cefrj,1058,business_office,yes,1058,,1237
needy,adjective,B2,cefrj,1064,,yes,1064,,
penalize,verb,B2,cefrj,1068,,yes,1068,,
prescribe,verb,B2,cefrj,1070,business_office,yes,1070,,767
probable,adjective,B2,cefrj,1071,business_office,yes,1071,,939
residence,noun,B2,cefrj,1075,business_office,yes,1075,,1590
retrieve,verb,B2,cefrj,1076,business_office,yes,1076,,1108
rider,noun,B2,cefrj,1077,,yes,1077,,
rug,noun,B2,cefrj,1079,,yes,1079,,
sharply,adverb,B2,cefrj,1081,business_office,yes,1081,,212
suspicious,adjective,B2,cefrj,1088,business_office,yes,1088,,1431
underground,adjective,B2,cefrj,1091,business_office,yes,1091,,1289
underground,adverb,B2,cefrj,1091,business_office,yes,1091,,1289
audition,noun,B2,cefrj,1102,,yes,1102,,
beneficial,adjective,B2,cefrj,1105,business_office,yes,1105,,739
demolish,verb,B2,cefrj,1117,,yes,1117,,
electronically,adverb,B2,cefrj,1128,,yes,1128,,
engagement,noun,B2,cefrj,1130,business_office,yes,1130,,542
getaway,noun,B2,cefrj,1136,,yes,1136,,
gossip,verb,B2,cefrj,1137,,yes,1137,,
interpreter,noun,B2,cefrj,1142,,yes,1142,,
intersection,noun,B2,cefrj,1143,,yes,1143,,
journalism,noun,B2,cefrj,1146,,yes,1146,,
query,noun,B2,cefrj,1163,business_office,yes,1163,,165
reconsider,verb,B2,cefrj,1166,,yes,1166,,
rehearsal,noun,B2,cefrj,1168,,yes,1168,,
relaxation,noun,B2,cefrj,1169,,yes,1169,,
repetition,noun,B2,cefrj,1170,,yes,1170,,
retreat,noun,B2,cefrj,1171,business_office,yes,1171,,1033
retreat,verb,B2,cefrj,1171,business_office,yes,1171,,1033
salon,noun,B2,cefrj,1172,,yes,1172,,
serial,adjective,B2,cefrj,1175,business_office,yes,1175,,1717
sketch,verb,B2,cefrj,1177,,yes,1177,,
soar,verb,B2,cefrj,1179,business_office,yes,1179,,278
tablecloth,noun,B2,cefrj,1182,,yes,1182,,
thrill,noun,B2,cefrj,1184,,yes,1184,,
actively,adverb,B2,cefrj,1196,business_office,yes,1196,,503
broaden,verb,B2,cefrj,1201,business_office,yes,1201,,1552
daytime,noun,B2,cefrj,1207,,yes,1207,,
decoration,noun,B2,cefrj,1208,,yes,1208,,
explorer,noun,B2,cefrj,1212,,yes,1212,,
genre,noun,B2,cefrj,1216,,yes,1216,,
hesitation,noun,B2,cefrj,1219,,yes,1219,,
hospitality,noun,B2,cefrj,1221,,yes,1221,,
recession,noun,B2,cefrj,1240,business_office,yes,1240,,33
unreliable,adjective,B2,cefrj,1242,,yes,1242,,
unauthorized,adjective,B2,cefrj,1247,,yes,1247,,
violate,verb,B2,cefrj,1248,business_office,yes,1248,,332
that,adverb,B2,cefrj,15,,no,,15,
will,noun,B2,cefrj,28,,no,,28,
say,noun,B2,cefrj,30,,no,,30,
make,noun,B2,cefrj,48,,no,,48,
time,verb,B2,cefrj,49,,no,,49,
good,noun,B2,cefrj,56,,no,,56,
very,adjective,B2,cefrj,63,,no,,63,
now,conjunction,B2,cefrj,70,,no,,70,
want,noun,B2,cefrj,76,,no,,76,
need,noun,B2,cefrj,90,,no,,90,
mean,noun,B2,cefrj,95,,no,,95,
down,adjective,B2,cefrj,109,,no,,109,
part,verb,B2,cefrj,130,,no,,130,
next,pronoun,B2,cefrj,151,,no,,151,
question,verb,B2,cefrj,181,,no,,181,
since,adverb,B2,cefrj,191,,no,,191,
state,adjective,B2,cefrj,199,,no,,199,
state,verb,B2,cefrj,199,,no,,199,
issue,verb,B2,cefrj,218,,no,,218,
though,adverb,B2,cefrj,227,,no,,227,
far,adjective,B2,cefrj,245,,no,,245,
level,verb,B2,cefrj,262,,no,,262,
once,conjunction,B2,cefrj,265,,no,,265,
line,verb,B2,cefrj,274,,no,,274,
present,verb,B2,cefrj,275,,no,,275,
least,pronoun,B2,cefrj,281,,no,,281,
process,verb,B2,cefrj,286,,no,,286,
price,verb,B2,cefrj,296,,no,,296,
concern,verb,B2,cefrj,303,,no,,303,
rate,verb,B2,cefrj,312,,no,,312,
sort,verb,B2,cefrj,316,,no,,316,
cause,noun,B2,cefrj,319,,no,,319,
water,verb,B2,cefrj,322,,no,,322,
test,verb,B2,cefrj,332,,no,,332,
value,verb,B2,cefrj,342,,no,,342,
force,verb,B2,cefrj,346,,no,,346,
win,noun,B2,cefrj,377,,no,,377,
sound,adjective,B2,cefrj,390,,no,,390,
free,verb,B2,cefrj,395,,no,,395,
wait,noun,B2,cefrj,403,,no,,403,
individual,noun,B2,cefrj,409,,no,,409,
sense,verb,B2,cefrj,412,,no,,412,
rule,verb,B2,cefrj,415,,no,,415,
research,verb,B2,cefrj,423,,no,,423,
major,noun,B2,cefrj,438,,no,,438,
community,noun,B2,cefrj,465,,no,,465,
particular,adjective,B2,cefrj,467,,no,,467,
outside,adjective,B2,cefrj,491,,no,,491,
outside,noun,B2,cefrj,491,,no,,491,
approach,verb,B2,cefrj,495,,no,,495,
picture,verb,B2,cefrj,509,,no,,509,
regard,noun,B2,cefrj,511,,no,,511,
range,verb,B2,cefrj,516,,no,,516,
project,noun,B2,cefrj,518,,no,,518,
project,verb,B2,cefrj,518,,no,,518,
round,preposition,B2,cefrj,519,,no,,519,
round,verb,B2,cefrj,519,,no,,519,
list,verb,B2,cefrj,523,,no,,523,
benefit,verb,B2,cefrj,543,,no,,543,
trade,verb,B2,cefrj,544,,no,,544,
risk,verb,B2,cefrj,545,,no,,545,
standard,adjective,B2,cefrj,547,,no,,547,
focus,noun,B2,cefrj,550,,no,,550,
data,noun,B2,cefrj,556,,no,,556,
fine,adverb,B2,cefrj,597,,no,,597,
fine,verb,B2,cefrj,597,,no,,597,
fire,verb,B2,cefrj,613,,no,,613,
store,verb,B2,cefrj,617,,no,,617,
employee,noun,B2,cefrj,624,,no,,624,
feature,verb,B2,cefrj,635,,no,,635,
factor,noun,B2,cefrj,636,,no,,636,
official,noun,B2,cefrj,643,,no,,643,
campaign,noun,B2,cefrj,647,,no,,647,
inside,adjective,B2,cefrj,660,,no,,660,
inside,noun,B2,cefrj,660,,no,,660,
influence,verb,B2,cefrj,680,,no,,680,
stock,noun,B2,cefrj,691,,no,,691,
fit,noun,B2,cefrj,700,,no,,700,
environment,noun,B2,cefrj,712,,no,,712,
contract,noun,B2,cefrj,714,,no,,714,
comment,verb,B2,cefrj,716,,no,,716,
lack,verb,B2,cefrj,729,,no,,729,
review,verb,B2,cefrj,730,,no,,730,
stuff,verb,B2,cefrj,752,,no,,752,
challenge,verb,B2,cefrj,766,,no,,766,
fear,verb,B2,cefrj,793,,no,,793,
aim,verb,B2,cefrj,794,,no,,794,
access,verb,B2,cefrj,802,,no,,802,
treat,verb,B2,cefrj,804,,no,,804,
identify,verb,B2,cefrj,805,,no,,805,
conference,noun,B2,cefrj,812,,no,,812,
supply,verb,B2,cefrj,814,,no,,814,
investment,noun,B2,cefrj,822,,no,,822,
trip,verb,B2,cefrj,825,,no,,825,
potential,adjective,B2,cefrj,830,,no,,830,
energy,noun,B2,cefrj,831,,no,,831,
file,verb,B2,cefrj,835,,no,,835,
deep,adjective,B2,cefrj,840,,no,,840,
advance,noun,B2,cefrj,844,,no,,844,
doubt,verb,B2,cefrj,874,,no,,874,
reference,noun,B2,cefrj,878,,no,,878,
separate,verb,B2,cefrj,890,,no,,890,
profit,noun,B2,cefrj,900,,no,,900,
balance,verb,B2,cefrj,907,,no,,907,
professional,noun,B2,cefrj,936,,no,,936,
mine,noun,B2,cefrj,937,,no,,937,
object,verb,B2,cefrj,942,,no,,942,
screen,verb,B2,cefrj,957,,no,,957,
track,verb,B2,cefrj,958,,no,,958,
female,noun,B2,cefrj,961,,no,,961,
original,noun,B2,cefrj,963,,no,,963,
rock,verb,B2,cefrj,965,,no,,965,
candidate,noun,B2,cefrj,977,,no,,977,
version,noun,B2,cefrj,981,,no,,981,
pound,verb,B2,cefrj,984,,no,,984,
welcome,noun,B2,cefrj,989,,no,,989,
estimate,noun,B2,cefrj,999,,no,,999,
purchase,noun,B2,cefrj,1002,,no,,1002,
purchase,verb,B2,cefrj,1002,,no,,1002,
stick,noun,B2,cefrj,1010,,no,,1010,
wind,verb,B2,cefrj,1013,,no,,1013,
budget,adjective,B2,cefrj,1016,,no,,1016,
content,adjective,B2,cefrj,1025,,no,,1025,
mix,noun,B2,cefrj,1029,,no,,1029,
correct,verb,B2,cefrj,1032,,no,,1032,
beat,noun,B2,cefrj,1035,,no,,1035,
trial,noun,B2,cefrj,1043,,no,,1043,
stress,verb,B2,cefrj,1044,,no,,1044,
conduct,verb,B2,cefrj,1054,,no,,1054,
executive,adjective,B2,cefrj,1059,,no,,1059,
executive,noun,B2,cefrj,1059,,no,,1059,
primary,adjective,B2,cefrj,1067,,no,,1067,
appeal,verb,B2,cefrj,1073,,no,,1073,
trust,noun,B2,cefrj,1075,,no,,1075,
flat,adverb,B2,cefrj,1077,,no,,1077,
hang,noun,B2,cefrj,1085,,no,,1085,
double,noun,B2,cefrj,1096,,no,,1096,
double,verb,B2,cefrj,1096,,no,,1096,
sentence,verb,B2,cefrj,1099,,no,,1099,
progress,verb,B2,cefrj,1101,,no,,1101,
transfer,noun,B2,cefrj,1110,,no,,1110,
overall,adjective,B2,cefrj,1113,,no,,1113,
overall,adverb,B2,cefrj,1113,,no,,1113,
user,noun,B2,cefrj,1115,,no,,1115,
federal,adjective,B2,cefrj,1123,,no,,1123,
percentage,noun,B2,cefrj,1125,,no,,1125,
decline,verb,B2,cefrj,1129,,no,,1129,
decade,noun,B2,cefrj,1130,,no,,1130,
institution,noun,B2,cefrj,1137,,no,,1137,
spot,verb,B2,cefrj,1138,,no,,1138,
sector,noun,B2,cefrj,1151,,no,,1151,
chief,noun,B2,cefrj,1155,,no,,1155,
cool,verb,B2,cefrj,1156,,no,,1156,
expert,adjective,B2,cefrj,1157,,no,,1157,
procedure,noun,B2,cefrj,1168,,no,,1168,
struggle,verb,B2,cefrj,1171,,no,,1171,
select,verb,B2,cefrj,1173,,no,,1173,
roll,verb,B2,cefrj,1180,,no,,1180,
photograph,verb,B2,cefrj,1182,,no,,1182,
shift,noun,B2,cefrj,1190,,no,,1190,
spread,verb,B2,cefrj,1197,,no,,1197,
transport,verb,B2,cefrj,1210,,no,,1210,
reform,noun,B2,cefrj,1215,,no,,1215,
neither,adverb,B2,cefrj,1216,,no,,1216,
neither,conjunction,B2,cefrj,1216,,no,,1216,
neither,determiner,B2,cefrj,1216,,no,,1216,
neither,pronoun,B2,cefrj,1216,,no,,1216,
circumstance,noun,B2,cefrj,1229,,no,,1229,
reaction,noun,B2,cefrj,1231,,no,,1231,
mass,noun,B2,cefrj,1236,,no,,1236,
schedule,verb,B2,cefrj,1240,,no,,1240,
colleague,noun,B2,cefrj,1251,,no,,1251,
equal,noun,B2,cefrj,1254,,no,,1254,
equal,verb,B2,cefrj,1254,,no,,1254,
plus,noun,B2,cefrj,1256,,no,,1256,
commercial,noun,B2,cefrj,1260,,no,,1260,
scheme,noun,B2,cefrj,1267,,no,,1267,
payment,noun,B2,cefrj,1268,,no,,1268,
initial,adjective,B2,cefrj,1282,,no,,1282,
pop,verb,B2,cefrj,1289,,no,,1289,
desire,verb,B2,cefrj,1291,,no,,1291,
employ,verb,B2,cefrj,1294,,no,,1294,
quiet,noun,B2,cefrj,1313,,no,,1313,
jump,noun,B2,cefrj,1324,,no,,1324,
actual,adjective,B2,cefrj,1335,,no,,1335,
coach,verb,B2,cefrj,1342,,no,,1342,
experiment,verb,B2,cefrj,1343,,no,,1343,
revenue,noun,B2,cefrj,1351,,no,,1351,
whereas,conjunction,B2,cefrj,1372,,no,,1372,
finance,noun,B2,cefrj,1379,,no,,1379,
shock,verb,B2,cefrj,1383,,no,,1383,
manufacture,noun,B2,cefrj,1392,,no,,1392,
manufacture,verb,B2,cefrj,1392,,no,,1392,
dear,noun,B2,cefrj,1401,,no,,1401,
objective,adjective,B2,cefrj,1402,,no,,1402,
route,noun,B2,cefrj,1410,,no,,1410,
bind,verb,B2,cefrj,1411,,no,,1411,
quote,noun,B2,cefrj,1433,,no,,1433,
quote,verb,B2,cefrj,1433,,no,,1433,
minister,noun,B2,cefrj,1437,,no,,1437,
domestic,adjective,B2,cefrj,1454,,no,,1454,
load,verb,B2,cefrj,1455,,no,,1455,
troop,noun,B2,cefrj,1457,,no,,1457,
technical,adjective,B2,cefrj,1458,,no,,1458,
corporate,adjective,B2,cefrj,1465,,no,,1465,
tough,adjective,B2,cefrj,1469,,no,,1469,
assessment,noun,B2,cefrj,1475,,no,,1475,
component,noun,B2,cefrj,1487,,no,,1487,
suspect,verb,B2,cefrj,1490,,no,,1490,
perspective,noun,B2,cefrj,1496,,no,,1496,
assess,verb,B2,cefrj,1499,,no,,1499,
relevant,adjective,B2,cefrj,1504,,no,,1504,
necessarily,adverb,B2,cefrj,1509,,no,,1509,
frame,verb,B2,cefrj,1511,,no,,1511,
threaten,verb,B2,cefrj,1521,,no,,1521,
division,noun,B2,cefrj,1522,,no,,1522,
amaze,verb,B2,cefrj,1524,,no,,1524,
label,noun,B2,cefrj,1528,,no,,1528,
investigate,verb,B2,cefrj,1533,,no,,1533,
recommendation,noun,B2,cefrj,1534,,no,,1534,
friendly,adjective,B2,cefrj,1538,,no,,1538,
resident,noun,B2,cefrj,1539,,no,,1539,
provision,noun,B2,cefrj,1540,,no,,1540,
export,noun,B2,cefrj,1543,,no,,1543,
export,verb,B2,cefrj,1543,,no,,1543,
moral,adjective,B2,cefrj,1550,,no,,1550,
abuse,noun,B2,cefrj,1553,,no,,1553,
principal,noun,B2,cefrj,1555,,no,,1555,
master,noun,B2,cefrj,1556,,no,,1556,
grade,verb,B2,cefrj,1559,,no,,1559,
previously,adverb,B2,cefrj,1562,,no,,1562,
wed,verb,B2,cefrj,1565,,no,,1565,
guarantee,verb,B2,cefrj,1570,,no,,1570,
theme,noun,B2,cefrj,1572,,no,,1572,
odd,adjective,B2,cefrj,1574,,no,,1574,
loan,noun,B2,cefrj,1576,,no,,1576,
elect,verb,B2,cefrj,1578,,no,,1578,
characteristic,adjective,B2,cefrj,1582,,no,,1582,
commission,noun,B2,cefrj,1593,,no,,1593,
investor,noun,B2,cefrj,1597,,no,,1597,
row,verb,B2,cefrj,1602,,no,,1602,
expectation,noun,B2,cefrj,1606,,no,,1606,
sexual,adjective,B2,cefrj,1609,,no,,1609,
import,verb,B2,cefrj,1613,,no,,1613,
bottle,verb,B2,cefrj,1614,,no,,1614,
cast,noun,B2,cefrj,1618,,no,,1618,
cast,verb,B2,cefrj,1618,,no,,1618,
relief,noun,B2,cefrj,1623,,no,,1623,
honor,verb,B2,cefrj,1625,,no,,1625,
outcome,noun,B2,cefrj,1626,,no,,1626,
musical,noun,B2,cefrj,1630,,no,,1630,
witness,noun,B2,cefrj,1642,,no,,1642,
specifically,adverb,B2,cefrj,1653,,no,,1653,
fat,noun,B2,cefrj,1654,,no,,1654,
fellow,adjective,B2,cefrj,1656,,no,,1656,
tip,verb,B2,cefrj,1659,,no,,1659,
peak,noun,B2,cefrj,1661,,no,,1661,
constant,adjective,B2,cefrj,1668,,no,,1668,
significantly,adverb,B2,cefrj,1669,,no,,1669,
guard,verb,B2,cefrj,1677,,no,,1677,
somewhat,adverb,B2,cefrj,1679,,no,,1679,
joint,noun,B2,cefrj,1682,,no,,1682,
faith,noun,B2,cefrj,1686,,no,,1686,
phase,noun,B2,cefrj,1697,,no,,1697,
employer,noun,B2,cefrj,1702,,no,,1702,
latter,adjective,B2,cefrj,1704,,no,,1704,
ban,noun,B2,cefrj,1706,,no,,1706,
ban,verb,B2,cefrj,1706,,no,,1706,
protest,verb,B2,cefrj,1708,,no,,1708,
index,noun,B2,cefrj,1709,,no,,1709,
impose,verb,B2,cefrj,1723,,no,,1723,
criminal,adjective,B2,cefrj,1724,,no,,1724,
multiple,adjective,B2,cefrj,1732,,no,,1732,
yield,verb,B2,cefrj,1733,,no,,1733,
legislation,noun,B2,cefrj,1735,,no,,1735,
unlike,preposition,B2,cefrj,1737,,no,,1737,
implement,noun,B2,cefrj,1740,,no,,1740,
implement,verb,B2,cefrj,1740,,no,,1740,
hell,noun,B2,cefrj,1743,,no,,1743,
reward,verb,B2,cefrj,1748,,no,,1748,
voter,noun,B2,cefrj,1752,,no,,1752,
wage,noun,B2,cefrj,1757,,no,,1757,
remark,noun,B2,cefrj,1760,,no,,1760,
estate,noun,B2,cefrj,1771,,no,,1771,
urge,verb,B2,cefrj,1786,,no,,1786,
prior,adjective,B2,cefrj,1792,,no,,1792,
priority,noun,B2,cefrj,1793,,no,,1793,
resolution,noun,B2,cefrj,1799,,no,,1799,
draft,noun,B2,cefrj,1809,,no,,1809,
salary,noun,B2,cefrj,1816,,no,,1816,
illustrate,verb,B2,cefrj,1817,,no,,1817,
imply,verb,B2,cefrj,1818,,no,,1818,
liberal,adjective,B2,cefrj,1821,,no,,1821,
core,noun,B2,cefrj,1830,,no,,1830,
aircraft,noun,B2,cefrj,1832,,no,,1832,
panel,noun,B2,cefrj,1837,,no,,1837,
prime,adjective,B2,cefrj,1838,,no,,1838,
effectively,adverb,B2,cefrj,1842,,no,,1842,
initiative,noun,B2,cefrj,1845,,no,,1845,
sharp,adverb,B2,cefrj,1846,,no,,1846,
motion,noun,B2,cefrj,1848,,no,,1848,
discipline,noun,B2,cefrj,1852,,no,,1852,
assumption,noun,B2,cefrj,1855,,no,,1855,
implication,noun,B2,cefrj,1871,,no,,1871,
classic,noun,B2,cefrj,1875,,no,,1875,
collapse,verb,B2,cefrj,1879,,no,,1879,
fundamental,adjective,B2,cefrj,1881,,no,,1881,
defeat,noun,B2,cefrj,1886,,no,,1886,
presidential,adjective,B2,cefrj,1887,,no,,1887,
enhance,verb,B2,cefrj,1889,,no,,1889,
manufacturer,noun,B2,cefrj,1896,,no,,1896,
slide,verb,B2,cefrj,1897,,no,,1897,
cope,verb,B2,cefrj,1901,,no,,1901,
accommodation,noun,B2,cefrj,1903,,no,,1903,
highlight,noun,B2,cefrj,1904,,no,,1904,
exception,noun,B2,cefrj,1908,,no,,1908,
corporation,noun,B2,cefrj,1909,,no,,1909,
chip,noun,B2,cefrj,1910,,no,,1910,
encounter,verb,B2,cefrj,1912,,no,,1912,
urban,adjective,B2,cefrj,1918,,no,,1918,
output,noun,B2,cefrj,1921,,no,,1921,
creation,noun,B2,cefrj,1929,,no,,1929,
outline,noun,B2,cefrj,1931,,no,,1931,
update,noun,B2,cefrj,1933,,no,,1933,
split,verb,B2,cefrj,1936,,no,,1936,
swing,noun,B2,cefrj,1937,,no,,1937,
swing,verb,B2,cefrj,1937,,no,,1937,
consistent,adjective,B2,cefrj,1942,,no,,1942,
originally,adverb,B2,cefrj,1943,,no,,1943,
secondly,adverb,B2,cefrj,1946,,no,,1946,
prospect,noun,B2,cefrj,1949,,no,,1949,
plot,noun,B2,cefrj,1951,,no,,1951,
integrate,verb,B2,cefrj,1955,,no,,1955,
criticism,noun,B2,cefrj,1956,,no,,1956,
convention,noun,B2,cefrj,1957,,no,,1957,
volunteer,noun,B2,cefrj,1962,,no,,1962,
rural,adjective,B2,cefrj,1963,,no,,1963,
revolution,noun,B2,cefrj,1970,,no,,1970,
delight,verb,B2,cefrj,1971,,no,,1971,
lean,verb,B2,cefrj,1974,,no,,1974,
intellectual,adjective,B2,cefrj,1981,,no,,1981,
intellectual,noun,B2,cefrj,1981,,no,,1981,
crucial,adjective,B2,cefrj,1983,,no,,1983,
interpretation,noun,B2,cefrj,1989,,no,,1989,
exhibit,verb,B2,cefrj,1996,,no,,1996,
dominate,verb,B2,cefrj,2003,,no,,2003,
supplier,noun,B2,cefrj,2004,,no,,2004,
peer,noun,B2,cefrj,2007,,no,,2007,
pension,noun,B2,cefrj,2008,,no,,2008,
acquisition,noun,B2,cefrj,2010,,no,,2010,
recognition,noun,B2,cefrj,2013,,no,,2013,
retirement,noun,B2,cefrj,2017,,no,,2017,
variation,noun,B2,cefrj,2019,,no,,2019,
ultimately,adverb,B2,cefrj,2020,,no,,2020,
soil,noun,B2,cefrj,2022,,no,,2022,
upset,verb,B2,cefrj,2025,,no,,2025,
dispute,noun,B2,cefrj,2029,,no,,2029,
undertake,verb,B2,cefrj,2036,,no,,2036,
wire,verb,B2,cefrj,2038,,no,,2038,
publication,noun,B2,cefrj,2041,,no,,2041,
slight,adjective,B2,cefrj,2042,,no,,2042,
trace,verb,B2,cefrj,2047,,no,,2047,
inch,verb,B2,cefrj,2048,,no,,2048,
enterprise,noun,B2,cefrj,2051,,no,,2051,
pitch,noun,B2,cefrj,2057,,no,,2057,
pitch,verb,B2,cefrj,2057,,no,,2057,
contemporary,adjective,B2,cefrj,2059,,no,,2059,
ease,noun,B2,cefrj,2061,,no,,2061,
ease,verb,B2,cefrj,2061,,no,,2061,
assure,verb,B2,cefrj,2064,,no,,2064,
profile,noun,B2,cefrj,2065,,no,,2065,
crack,noun,B2,cefrj,2068,,no,,2068,
crack,verb,B2,cefrj,2068,,no,,2068,
submit,verb,B2,cefrj,2070,,no,,2070,
virtually,adverb,B2,cefrj,2072,,no,,2072,
cable,noun,B2,cefrj,2076,,no,,2076,
sensitive,adjective,B2,cefrj,2077,,no,,2077,
input,noun,B2,cefrj,2079,,no,,2079,
tight,adverb,B2,cefrj,2083,,no,,2083,
secondary,adjective,B2,cefrj,2085,,no,,2085,
welfare,noun,B2,cefrj,2086,,no,,2086,
recruit,verb,B2,cefrj,2087,,no,,2087,
exclude,verb,B2,cefrj,2088,,no,,2088,
grand,adjective,B2,cefrj,2093,,no,,2093,
crew,noun,B2,cefrj,2095,,no,,2095,
alter,verb,B2,cefrj,2102,,no,,2102,
perceive,verb,B2,cefrj,2103,,no,,2103,
convert,verb,B2,cefrj,2110,,no,,2110,
sail,verb,B2,cefrj,2116,,no,,2116,
devote,verb,B2,cefrj,2120,,no,,2120,
justify,verb,B2,cefrj,2122,,no,,2122,
vital,adjective,B2,cefrj,2123,,no,,2123,
external,adjective,B2,cefrj,2125,,no,,2125,
spare,adjective,B2,cefrj,2126,,no,,2126,
spare,verb,B2,cefrj,2126,,no,,2126,
sweep,verb,B2,cefrj,2136,,no,,2136,
obligation,noun,B2,cefrj,2137,,no,,2137,
evaluate,verb,B2,cefrj,2139,,no,,2139,
perception,noun,B2,cefrj,2142,,no,,2142,
database,noun,B2,cefrj,2145,,no,,2145,
territory,noun,B2,cefrj,2147,,no,,2147,
western,adjective,B2,cefrj,2152,,no,,2152,
expansion,noun,B2,cefrj,2153,,no,,2153,
withdraw,verb,B2,cefrj,2163,,no,,2163,
disorder,noun,B2,cefrj,2165,,no,,2165,
analyst,noun,B2,cefrj,2170,,no,,2170,
wound,verb,B2,cefrj,2175,,no,,2175,
restriction,noun,B2,cefrj,2176,,no,,2176,
designer,adjective,B2,cefrj,2178,,no,,2178,
strain,verb,B2,cefrj,2179,,no,,2179,
innovation,noun,B2,cefrj,2180,,no,,2180,
trail,verb,B2,cefrj,2183,,no,,2183,
extension,noun,B2,cefrj,2186,,no,,2186,
evil,adjective,B2,cefrj,2190,,no,,2190,
evil,noun,B2,cefrj,2190,,no,,2190,
transition,noun,B2,cefrj,2195,,no,,2195,
bid,verb,B2,cefrj,2197,,no,,2197,
breed,noun,B2,cefrj,2198,,no,,2198,
reverse,verb,B2,cefrj,2203,,no,,2203,
pose,noun,B2,cefrj,2207,,no,,2207,
god,noun,B2,cefrj,2228,,no,,2228,
portion,noun,B2,cefrj,2229,,no,,2229,
substance,noun,B2,cefrj,2230,,no,,2230,
extensive,adjective,B2,cefrj,2231,,no,,2231,
interpret,verb,B2,cefrj,2232,,no,,2232,
harm,noun,B2,cefrj,2236,,no,,2236,
consult,verb,B2,cefrj,2237,,no,,2237,
strip,verb,B2,cefrj,2240,,no,,2240,
radical,noun,B2,cefrj,2246,,no,,2246,
dimension,noun,B2,cefrj,2250,,no,,2250,
broadcast,verb,B2,cefrj,2260,,no,,2260,
bloody,adjective,B2,cefrj,2265,,no,,2265,
bloody,adverb,B2,cefrj,2265,,no,,2265,
ally,noun,B2,cefrj,2266,,no,,2266,
bend,noun,B2,cefrj,2268,,no,,2268,
mature,adjective,B2,cefrj,2269,,no,,2269,
sustain,verb,B2,cefrj,2273,,no,,2273,
sponsor,verb,B2,cefrj,2281,,no,,2281,
burden,verb,B2,cefrj,2286,,no,,2286,
mate,noun,B2,cefrj,2288,,no,,2288,
resistance,noun,B2,cefrj,2293,,no,,2293,
tap,verb,B2,cefrj,2297,,no,,2297,
attribute,noun,B2,cefrj,2300,,no,,2300,
attribute,verb,B2,cefrj,2300,,no,,2300,
entitle,verb,B2,cefrj,2304,,no,,2304,
involvement,noun,B2,cefrj,2306,,no,,2306,
conventional,adjective,B2,cefrj,2308,,no,,2308,
edit,noun,B2,cefrj,2311,,no,,2311,
edit,verb,B2,cefrj,2311,,no,,2311,
formation,noun,B2,cefrj,2312,,no,,2312,
deposit,verb,B2,cefrj,2313,,no,,2313,
overseas,adjective,B2,cefrj,2315,,no,,2315,
seal,noun,B2,cefrj,2322,,no,,2322,
specify,verb,B2,cefrj,2326,,no,,2326,
spin,verb,B2,cefrj,2328,,no,,2328,
operator,noun,B2,cefrj,2329,,no,,2329,
infant,noun,B2,cefrj,2330,,no,,2330,
mount,verb,B2,cefrj,2333,,no,,2333,
anticipate,verb,B2,cefrj,2335,,no,,2335,
precisely,adverb,B2,cefrj,2342,,no,,2342,
rival,noun,B2,cefrj,2343,,no,,2343,
offense,noun,B2,cefrj,2344,,no,,2344,
detect,verb,B2,cefrj,2345,,no,,2345,
invoice,noun,C1,octanove,19,business_office,yes,19,,295
appliance,noun,C1,octanove,88,business_office,yes,88,,1292
explanatory,adjective,C1,octanove,89,,yes,89,,
expire,verb,C1,octanove,121,business_office,yes,121,,343
itinerary,noun,C1,octanove,146,,yes,146,,
contractor,noun,C1,octanove,188,business_office,yes,188,,151
complimentary,adjective,C1,octanove,231,,yes,231,,
carrier,noun,C1,octanove,254,business_office,yes,254,,144
duration,noun,C1,octanove,266,business_office,yes,266,,109
transit,noun,C1,octanove,327,business_office,yes,327,,1444
drill,verb,C1,octanove,331,business_office,yes,331,,819
knowledgeable,adjective,C1,octanove,346,,yes,346,,
specification,noun,C1,octanove,360,business_office,yes,360,,322
spacious,adjective,C1,octanove,399,,yes,399,,
automatic,verb,C1,octanove,436,business_office,yes,436,,563
carpenter,noun,C1,octanove,438,,yes,438,,
consultation,noun,C1,octanove,441,business_office,yes,441,,922
durable,adjective,C1,octanove,442,business_office,yes,442,,1215
durable,noun,C1,octanove,442,business_office,yes,442,,1215
malfunction,verb,C1,octanove,445,,yes,445,,
prospective,adjective,C1,octanove,449,business_office,yes,449,,498
misplace,verb,C1,octanove,504,,yes,504,,
apprentice,noun,C1,octanove,565,,yes,565,,
apprentice,verb,C1,octanove,565,,yes,565,,
plausible,adjective,C1,octanove,583,business_office,yes,583,,1300
comply,verb,C1,octanove,595,business_office,yes,595,,244
institute,verb,C1,octanove,604,business_office,yes,604,,880
beforehand,adverb,C1,octanove,628,,yes,628,,
renown,noun,C1,octanove,648,,yes,648,,
aboard,preposition,C1,octanove,655,,yes,655,,
circulation,noun,C1,octanove,667,business_office,yes,667,,1005
sauna,noun,C1,octanove,689,,yes,689,,
inclusive,adjective,C1,octanove,721,,yes,721,,
portable,adjective,C1,octanove,733,business_office,yes,733,,1741
portable,noun,C1,octanove,733,business_office,yes,733,,1741
advisory,adjective,C1,octanove,751,business_office,yes,751,,699
substantially,adverb,C1,octanove,794,business_office,yes,794,,261
conform,verb,C1,octanove,810,business_office,yes,810,,945
organizational,adjective,C1,octanove,833,business_office,yes,833,,39
puzzle,verb,C1,octanove,837,business_office,yes,837,,824
staple,noun,C1,octanove,875,,yes,875,,
amateur,noun,C1,octanove,886,,yes,886,,
amateur,adjective,C1,octanove,886,,yes,886,,
imperative,adjective,C1,octanove,919,,yes,919,,
occupant,noun,C1,octanove,927,,yes,927,,
oversee,verb,C1,octanove,929,business_office,yes,929,,442
refresh,verb,C1,octanove,939,,yes,939,,
tailor,noun,C1,octanove,948,business_office,yes,948,,744
tailor,verb,C1,octanove,948,business_office,yes,948,,744
collaboration,noun,C1,octanove,964,business_office,yes,964,,900
drawback,noun,C1,octanove,972,business_office,yes,972,,1350
fatigue,noun,C1,octanove,979,,yes,979,,
personalize,verb,C1,octanove,1002,,yes,1002,,
reassure,verb,C1,octanove,1006,business_office,yes,1006,,917
bulk,noun,C1,octanove,1032,business_office,yes,1032,,469
circulate,verb,C1,octanove,1035,business_office,yes,1035,,1395
compliance,noun,C1,octanove,1038,business_office,yes,1038,,224
expedite,verb,C1,octanove,1046,,yes,1046,,
integral,adjective,C1,octanove,1056,business_office,yes,1056,,1243
chilly,adjective,C1,octanove,1110,,yes,1110,,
elevate,verb,C1,octanove,1129,,yes,1129,,
oblige,verb,C1,octanove,1153,business_office,yes,1153,,564
query,verb,C1,octanove,1163,business_office,yes,1163,,165
sketch,noun,C1,octanove,1177,,yes,1177,,
apprehensive,adjective,C1,octanove,1198,,yes,1198,,
discard,verb,C1,octanove,1209,,yes,1209,,
fixture,noun,C1,octanove,1214,,yes,1214,,
induction,noun,C1,octanove,1223,,yes,1223,,
unplug,verb,C1,octanove,1249,,yes,1249,,
man,verb,C1,octanove,112,,no,,112,
house,verb,C1,octanove,165,,no,,165,
class,verb,C1,octanove,362,,no,,362,
condition,verb,C1,octanove,445,,no,,445,
ground,verb,C1,octanove,586,,no,,586,
voice,verb,C1,octanove,607,,no,,607,
firm,verb,C1,octanove,628,,no,,628,
campaign,verb,C1,octanove,647,,no,,647,
stock,verb,C1,octanove,691,,no,,691,
contract,verb,C1,octanove,714,,no,,714,
perfect,verb,C1,octanove,1111,,no,,1111,
launch,noun,C1,octanove,1131,,no,,1131,
brief,verb,C1,octanove,1270,,no,,1270,
engineer,verb,C1,octanove,1312,,no,,1312,
recall,noun,C1,octanove,1388,,no,,1388,
signal,verb,C1,octanove,1502,,no,,1502,
till,noun,C1,octanove,1571,,no,,1571,
commission,verb,C1,octanove,1593,,no,,1593,
tone,verb,C1,octanove,1693,,no,,1693,
chart,verb,C1,octanove,1741,,no,,1741,
mechanism,noun,C1,octanove,1862,,no,,1862,
criteria,noun,C1,octanove,1953,,no,,1953,
premise,noun,C1,octanove,1973,,no,,1973,
landscape,verb,C1,octanove,1992,,no,,1992,
coverage,noun,C1,octanove,2074,,no,,2074,
isolate,verb,C1,octanove,2080,,no,,2080,
hence,adverb,C1,octanove,2094,,no,,2094,
pace,verb,C1,octanove,2118,,no,,2118,
tune,verb,C1,octanove,2192,,no,,2192,
pose,verb,C1,octanove,2207,,no,,2207,
resort,verb,C1,octanove,2258,,no,,2258,
cite,verb,C1,octanove,2277,,no,,2277,
desert,verb,C1,octanove,2287,,no,,2287,
dependent,noun,C1,octanove,2336,,no,,2336,
angle,verb,C1,octanove,2338,,no,,2338,
clinical,adjective,C1,octanove,2367,,no,,2367,
absolute,noun,C1,octanove,2398,,no,,2398,
burst,noun,C1,octanove,2436,,no,,2436,
contest,verb,C1,octanove,2462,,no,,2462,
whilst,conjunction,C1,octanove,2553,,no,,2553,
constraint,noun,C1,octanove,2554,,no,,2554,
diversity,noun,C1,octanove,2561,,no,,2561,
allege,verb,C1,octanove,2562,,no,,2562,
craft,verb,C1,octanove,2567,,no,,2567,
exhaust,verb,C1,octanove,2669,,no,,2669,
harbor,verb,C1,octanove,2704,,no,,2704,
comprise,verb,C1,octanove,2739,,no,,2739,
voluntary,adjective,C1,octanove,2756,,no,,2756,
structural,adjective,C1,octanove,2763,,no,,2763,
sponsorship,noun,C1,octanove,6,business_office,no,,,6
marginal,adjective,C1,octanove,23,business_office,no,,,23
swap,verb,C1,octanove,85,business_office,no,,,85
swap,noun,C1,octanove,85,business_office,no,,,85
scenario,noun,C1,octanove,110,business_office,no,,,110
ethical,adjective,C1,octanove,147,business_office,no,,,147
subordinate,noun,C1,octanove,223,business_office,no,,,223
thereby,adverb,C1,octanove,232,business_office,no,,,232
linear,adjective,C1,octanove,234,business_office,no,,,234
con,verb,C1,octanove,250,business_office,no,,,250
con,noun,C1,octanove,250,business_office,no,,,250
predecessor,noun,C1,octanove,265,business_office,no,,,265
likelihood,noun,C1,octanove,283,business_office,no,,,283
vertical,adjective,C1,octanove,300,business_office,no,,,300
consultancy,noun,C1,octanove,306,business_office,no,,,306
charter,verb,C1,octanove,312,business_office,no,,,312
charter,noun,C1,octanove,312,business_office,no,,,312
dominant,adjective,C1,octanove,315,business_office,no,,,315
citation,noun,C1,octanove,316,business_office,no,,,316
rally,verb,C1,octanove,327,business_office,no,,,327
jurisdiction,noun,C1,octanove,345,business_office,no,,,345
hostile,adjective,C1,octanove,378,business_office,no,,,378
fraction,noun,C1,octanove,434,business_office,no,,,434
pioneer,verb,C1,octanove,440,business_office,no,,,440
pioneer,noun,C1,octanove,440,business_office,no,,,440
render,verb,C1,octanove,473,business_office,no,,,473
demographic,adjective,C1,octanove,496,business_office,no,,,496
demographic,noun,C1,octanove,496,business_office,no,,,496
sustainable,adjective,C1,octanove,501,business_office,no,,,501
credibility,noun,C1,octanove,504,business_office,no,,,504
plunge,verb,C1,octanove,531,business_office,no,,,531
plunge,noun,C1,octanove,531,business_office,no,,,531
boast,noun,C1,octanove,549,business_office,no,,,549
robust,adjective,C1,octanove,567,business_office,no,,,567
speculation,noun,C1,octanove,573,business_office,no,,,573
compel,verb,C1,octanove,584,business_office,no,,,584
amid,preposition,C1,octanove,634,business_office,no,,,634
depict,verb,C1,octanove,649,business_office,no,,,649
provoke,verb,C1,octanove,666,business_office,no,,,666
legacy,noun,C1,octanove,678,business_office,no,,,678
niche,noun,C1,octanove,721,business_office,no,,,721
shed,verb,C1,octanove,722,business_office,no,,,722
crude,adjective,C1,octanove,728,business_office,no,,,728
harvest,verb,C1,octanove,746,business_office,no,,,746
conditional,adjective,C1,octanove,761,business_office,no,,,761
scrutiny,noun,C1,octanove,764,business_office,no,,,764
inherent,adjective,C1,octanove,768,business_office,no,,,768
sacrifice,noun,C1,octanove,773,business_office,no,,,773
sacrifice,verb,C1,octanove,773,business_office,no,,,773
conviction,noun,C1,octanove,776,business_office,no,,,776
acre,noun,C1,octanove,783,business_office,no,,,783
convict,verb,C1,octanove,791,business_office,no,,,791
convict,noun,C1,octanove,791,business_office,no,,,791
align,verb,C1,octanove,820,business_office,no,,,820
sentiment,noun,C1,octanove,837,business_office,no,,,837
estimation,noun,C1,octanove,846,business_office,no,,,846
bribe,verb,C1,octanove,857,business_office,no,,,857
bribe,noun,C1,octanove,857,business_office,no,,,857
loom,verb,C1,octanove,948,business_office,no,,,948
faction,noun,C1,octanove,957,business_office,no,,,957
mutually,adverb,C1,octanove,1013,business_office,no,,,1013
speculative,adjective,C1,octanove,1021,business_office,no,,,1021
retention,noun,C1,octanove,1044,business_office,no,,,1044
buffer,verb,C1,octanove,1068,business_office,no,,,1068
buffer,noun,C1,octanove,1068,business_office,no,,,1068
formulate,verb,C1,octanove,1071,business_office,no,,,1071
verdict,noun,C1,octanove,1086,business_office,no,,,1086
inclusion,noun,C1,octanove,1115,business_office,no,,,1115
hostility,noun,C1,octanove,1124,business_office,no,,,1124
portray,verb,C1,octanove,1138,business_office,no,,,1138
slack,verb,C1,octanove,1155,business_office,no,,,1155
slack,noun,C1,octanove,1155,business_office,no,,,1155
slack,adjective,C1,octanove,1155,business_office,no,,,1155
simplicity,noun,C1,octanove,1180,business_office,no,,,1180
succession,noun,C1,octanove,1184,business_office,no,,,1184
flourish,noun,C1,octanove,1189,business_office,no,,,1189
flourish,verb,C1,octanove,1189,business_office,no,,,1189
notable,adjective,C1,octanove,1196,business_office,no,,,1196
bureaucratic,adjective,C1,octanove,1218,business_office,no,,,1218
obscure,verb,C1,octanove,1254,business_office,no,,,1254
obscure,adjective,C1,octanove,1254,business_office,no,,,1254
elaborate,adjective,C1,octanove,1258,business_office,no,,,1258
elaborate,verb,C1,octanove,1258,business_office,no,,,1258
turmoil,noun,C1,octanove,1272,business_office,no,,,1272
wary,adjective,C1,octanove,1274,business_office,no,,,1274
credible,adjective,C1,octanove,1276,business_office,no,,,1276
premier,adjective,C1,octanove,1319,business_office,no,,,1319
premier,noun,C1,octanove,1319,business_office,no,,,1319
elastic,noun,C1,octanove,1358,business_office,no,,,1358
elastic,adjective,C1,octanove,1358,business_office,no,,,1358
salvage,verb,C1,octanove,1369,business_office,no,,,1369
reap,verb,C1,octanove,1405,business_office,no,,,1405
synthetic,adjective,C1,octanove,1454,business_office,no,,,1454
endorsement,noun,C1,octanove,1475,business_office,no,,,1475
prop,verb,C1,octanove,1479,business_office,no,,,1479
prop,noun,C1,octanove,1479,business_office,no,,,1479
manipulation,noun,C1,octanove,1509,business_office,no,,,1509
exert,verb,C1,octanove,1521,business_office,no,,,1521
assertion,noun,C1,octanove,1570,business_office,no,,,1570
speculate,verb,C1,octanove,1577,business_office,no,,,1577
plague,verb,C1,octanove,1587,business_office,no,,,1587
precision,noun,C1,octanove,1604,business_office,no,,,1604
maneuver,verb,C1,octanove,1624,business_office,no,,,1624
maneuver,noun,C1,octanove,1624,business_office,no,,,1624
credential,noun,C1,octanove,1693,business_office,no,,,1693
continuity,noun,C1,octanove,1724,business_office,no,,,1724
dismal,adjective,C1,octanove,1726,business_office,no,,,1726
magnetic,adjective,C1,octanove,1727,business_office,no,,,1727
demise,noun,C1,octanove,1730,business_office,no,,,1730
abound,verb,C1,octanove,,,no,,,
abstraction,noun,C1,octanove,,,no,,,
accustomed,adjective,C1,octanove,,,no,,,
acidic,adjective,C1,octanove,,,no,,,
acoustic,adjective,C1,octanove,,,no,,,
acoustically,adverb,C1,octanove,,,no,,,
acoustics,noun,C1,octanove,,,no,,,
acutely,adverb,C1,octanove,,,no,,,
adjoin,verb,C1,octanove,,,no,,,
adjoining,adjective,C1,octanove,,,no,,,
adjustable,adjective,C1,octanove,,,no,,,
adrenaline,noun,C1,octanove,,,no,,,
advantageous,adjective,C1,octanove,,,no,,,
adversary,noun,C1,octanove,,,no,,,
aesthetic,adjective,C1,octanove,,,no,,,
aesthetically,adverb,C1,octanove,,,no,,,
agreeable,adjective,C1,octanove,,,no,,,
aimless,adjective,C1,octanove,,,no,,,
aimlessly,adverb,C1,octanove,,,no,,,
alienate,verb,C1,octanove,,,no,,,
alignment,noun,C1,octanove,,,no,,,
alleviate,verb,C1,octanove,,,no,,,
altruism,noun,C1,octanove,,,no,,,
altruistic,adjective,C1,octanove,,,no,,,
amplification,noun,C1,octanove,,,no,,,
amply,adverb,C1,octanove,,,no,,,
anchor,verb,C1,octanove,,,no,,,
anchored,adjective,C1,octanove,,,no,,,
animatedly,adverb,C1,octanove,,,no,,,
anthropologist,noun,C1,octanove,,,no,,,
anthropology,noun,C1,octanove,,,no,,,
anticlimactic,adjective,C1,octanove,,,no,,,
antics,noun,C1,octanove,,,no,,,
antiquated,adjective,C1,octanove,,,no,,,
antiquity,noun,C1,octanove,,,no,,,
appall,verb,C1,octanove,,,no,,,
appalling,adjective,C1,octanove,,,no,,,
appallingly,adverb,C1,octanove,,,no,,,
apprenticeship,noun,C1,octanove,,,no,,,
apt,adjective,C1,octanove,,,no,,,
apt to,verb,C1,octanove,,,no,,,
aqua,adjective,C1,octanove,,,no,,,
aquarium,noun,C1,octanove,,,no,,,
artistically,adverb,C1,octanove,,,no,,,
astray,adverb,C1,octanove,,,no,,,
atmospheric,adjective,C1,octanove,,,no,,,
avid,adjective,C1,octanove,,,no,,,
awe,verb,C1,octanove,,,no,,,
bald,verb,C1,octanove,,,no,,,
baldly,adverb,C1,octanove,,,no,,,
batter,verb,C1,octanove,,,no,,,
batter,noun,C1,octanove,,,no,,,
battered,adjective,C1,octanove,,,no,,,
bearded,adjective,C1,octanove,,,no,,,
beguiling,adjective,C1,octanove,,,no,,,
beguilingly,adverb,C1,octanove,,,no,,,
believably,adverb,C1,octanove,,,no,,,
benign,adjective,C1,octanove,,,no,,,
benignly,adverb,C1,octanove,,,no,,,
bequeath,verb,C1,octanove,,,no,,,
billiards,noun,C1,octanove,,,no,,,
blankness,noun,C1,octanove,,,no,,,
bliss,noun,C1,octanove,,,no,,,
blister,noun,C1,octanove,,,no,,,
blister,verb,C1,octanove,,,no,,,
blithely,adverb,C1,octanove,,,no,,,
blockbuster,noun,C1,octanove,,,no,,,
bloom,verb,C1,octanove,,,no,,,
bouquet,noun,C1,octanove,,,no,,,
brainwash,verb,C1,octanove,,,no,,,
brainwashing,noun,C1,octanove,,,no,,,
bribery,noun,C1,octanove,,,no,,,
bubbly,adjective,C1,octanove,,,no,,,
buffoon,noun,C1,octanove,,,no,,,
bulk up,verb,C1,octanove,,,no,,,
bulky,adjective,C1,octanove,,,no,,,
bureaucratically,adverb,C1,octanove,,,no,,,
buzzer,noun,C1,octanove,,,no,,,
bypass,verb,C1,octanove,,,no,,,
calorie,noun,C1,octanove,,,no,,,
candid,adjective,C1,octanove,,,no,,,
candidly,adverb,C1,octanove,,,no,,,
canoe,noun,C1,octanove,,,no,,,
carpentry,noun,C1,octanove,,,no,,,
cavity,noun,C1,octanove,,,no,,,
ceaseless,adjective,C1,octanove,,,no,,,
ceaselessly,adverb,C1,octanove,,,no,,,
cessation,noun,C1,octanove,,,no,,,
chaotically,adverb,C1,octanove,,,no,,,
characterization,noun,C1,octanove,,,no,,,
chauffer,noun,C1,octanove,,,no,,,
chauffer,verb,C1,octanove,,,no,,,
chill,verb,C1,octanove,,,no,,,
chill,noun,C1,octanove,,,no,,,
chisel,verb,C1,octanove,,,no,,,
chiselled,adjective,C1,octanove,,,no,,,
churn,verb,C1,octanove,,,no,,,
clammy,adjective,C1,octanove,,,no,,,
clan,noun,C1,octanove,,,no,,,
classy,adjective,C1,octanove,,,no,,,
claustrophobia,noun,C1,octanove,,,no,,,
claustrophobic,adjective,C1,octanove,,,no,,,
cleanly,adverb,C1,octanove,,,no,,,
clench,verb,C1,octanove,,,no,,,
cleverness,noun,C1,octanove,,,no,,,
climactic,adjective,C1,octanove,,,no,,,
climax,noun,C1,octanove,,,no,,,
cloak,noun,C1,octanove,,,no,,,
closeness,noun,C1,octanove,,,no,,,
clutch,verb,C1,octanove,,,no,,,
clutch,noun,C1,octanove,,,no,,,
clutter,noun,C1,octanove,,,no,,,
clutter,verb,C1,octanove,,,no,,,
collaborate,verb,C1,octanove,,,no,,,
collaborative,adjective,C1,octanove,,,no,,,
collaborator,noun,C1,octanove,,,no,,,
commend,verb,C1,octanove,,,no,,,
commendation,noun,C1,octanove,,,no,,,
commercially,adverb,C1,octanove,,,no,,,
complementary,adjective,C1,octanove,,,no,,,
compliant,adjective,C1,octanove,,,no,,,
compliantly,adverb,C1,octanove,,,no,,,
compromised,adjective,C1,octanove,,,no,,,
compulsion,noun,C1,octanove,,,no,,,
concerto,noun,C1,octanove,,,no,,,
concur,verb,C1,octanove,,,no,,,
conditionally,adverb,C1,octanove,,,no,,,
confide,verb,C1,octanove,,,no,,,
confinement,noun,C1,octanove,,,no,,,
conformity,noun,C1,octanove,,,no,,,
congregate,verb,C1,octanove,,,no,,,
conjure,verb,C1,octanove,,,no,,,
connoisseur,noun,C1,octanove,,,no,,,
conscientious,adjective,C1,octanove,,,no,,,
conscientiously,adverb,C1,octanove,,,no,,,
conservatory,noun,C1,octanove,,,no,,,
conserve,verb,C1,octanove,,,no,,,
contested,adjective,C1,octanove,,,no,,,
contextual,adjective,C1,octanove,,,no,,,
contextually,adverb,C1,octanove,,,no,,,
convoluted,adjective,C1,octanove,,,no,,,
corps,noun,C1,octanove,,,no,,,
cost-effective,adjective,C1,octanove,,,no,,,
coupled,adjective,C1,octanove,,,no,,,
crave,verb,C1,octanove,,,no,,,
craving,noun,C1,octanove,,,no,,,
creamy,adjective,C1,octanove,,,no,,,
credibly,adverb,C1,octanove,,,no,,,
crudely,adverb,C1,octanove,,,no,,,
crumb,noun,C1,octanove,,,no,,,
crumble,verb,C1,octanove,,,no,,,
customary,adjective,C1,octanove,,,no,,,
cynic,noun,C1,octanove,,,no,,,
cynical,adjective,C1,octanove,,,no,,,
cynically,adverb,C1,octanove,,,no,,,
cynicism,noun,C1,octanove,,,no,,,
damply,adverb,C1,octanove,,,no,,,
darkroom,noun,C1,octanove,,,no,,,
daunt,verb,C1,octanove,,,no,,,
daunting,adjective,C1,octanove,,,no,,,
daydream,noun,C1,octanove,,,no,,,
daydream,verb,C1,octanove,,,no,,,
debut,noun,C1,octanove,,,no,,,
debut,verb,C1,octanove,,,no,,,
deceit,noun,C1,octanove,,,no,,,
degradation,noun,C1,octanove,,,no,,,
degrade,verb,C1,octanove,,,no,,,
degrading,adjective,C1,octanove,,,no,,,
demo,noun,C1,octanove,,,no,,,
demographically,adverb,C1,octanove,,,no,,,
demography,noun,C1,octanove,,,no,,,
demolition,noun,C1,octanove,,,no,,,
depiction,noun,C1,octanove,,,no,,,
deprivation,noun,C1,octanove,,,no,,,
descent,noun,C1,octanove,,,no,,,
desertion,noun,C1,octanove,,,no,,,
detest,verb,C1,octanove,,,no,,,
detestable,adjective,C1,octanove,,,no,,,
detriment,noun,C1,octanove,,,no,,,
detrimental,adjective,C1,octanove,,,no,,,
detrimentally,adverb,C1,octanove,,,no,,,
detritus,noun,C1,octanove,,,no,,,
devotee,noun,C1,octanove,,,no,,,
digitalization,noun,C1,octanove,,,no,,,
digitalize,verb,C1,octanove,,,no,,,
discourse,noun,C1,octanove,,,no,,,
disdain,noun,C1,octanove,,,no,,,
disillusionment,noun,C1,octanove,,,no,,,
dislodge,verb,C1,octanove,,,no,,,
dismally,adverb,C1,octanove,,,no,,,
dismay,verb,C1,octanove,,,no,,,
dismay,noun,C1,octanove,,,no,,,
dispensary,noun,C1,octanove,,,no,,,
dispense,verb,C1,octanove,,,no,,,
disquieting,adjective,C1,octanove,,,no,,,
dissect,verb,C1,octanove,,,no,,,
dissection,noun,C1,octanove,,,no,,,
dither,verb,C1,octanove,,,no,,,
diverge,verb,C1,octanove,,,no,,,
divergence,noun,C1,octanove,,,no,,,
divergent,adjective,C1,octanove,,,no,,,
docile,adjective,C1,octanove,,,no,,,
docilely,adverb,C1,octanove,,,no,,,
domestically,adverb,C1,octanove,,,no,,,
domesticate,verb,C1,octanove,,,no,,,
domestication,noun,C1,octanove,,,no,,,
dominantly,adverb,C1,octanove,,,no,,,
domination,noun,C1,octanove,,,no,,,
dramatist,noun,C1,octanove,,,no,,,
dutiful,adjective,C1,octanove,,,no,,,
dutifully,adverb,C1,octanove,,,no,,,
dynamically,adverb,C1,octanove,,,no,,,
eccentric,adjective,C1,octanove,,,no,,,
eccentric,noun,C1,octanove,,,no,,,
eccentrically,adverb,C1,octanove,,,no,,,
eclectic,adjective,C1,octanove,,,no,,,
eclectic,noun,C1,octanove,,,no,,,
eclectically,adverb,C1,octanove,,,no,,,
ecstatically,adverb,C1,octanove,,,no,,,
effortless,adjective,C1,octanove,,,no,,,
ego,noun,C1,octanove,,,no,,,
elaboration,noun,C1,octanove,,,no,,,
elevation,noun,C1,octanove,,,no,,,
elitist,noun,C1,octanove,,,no,,,
elongate,verb,C1,octanove,,,no,,,
elude,verb,C1,octanove,,,no,,,
elusive,adjective,C1,octanove,,,no,,,
embark,verb,C1,octanove,,,no,,,
engross,verb,C1,octanove,,,no,,,
engrossing,adjective,C1,octanove,,,no,,,
enormously,adverb,C1,octanove,,,no,,,
enterprising,adjective,C1,octanove,,,no,,,
enviable,adverb,C1,octanove,,,no,,,
envisage,verb,C1,octanove,,,no,,,
ethically,adverb,C1,octanove,,,no,,,
evoke,verb,C1,octanove,,,no,,,
ewe,noun,C1,octanove,,,no,,,
exhibitionist,noun,C1,octanove,,,no,,,
exhilarate,verb,C1,octanove,,,no,,,
exhilarating,adjective,C1,octanove,,,no,,,
exhilaration,noun,C1,octanove,,,no,,,
exodus,noun,C1,octanove,,,no,,,
exotically,adverb,C1,octanove,,,no,,,
exploitation,noun,C1,octanove,,,no,,,
explosively,adverb,C1,octanove,,,no,,,
exterior,noun,C1,octanove,,,no,,,
extortion,noun,C1,octanove,,,no,,,
extravagance,noun,C1,octanove,,,no,,,
exuberance,noun,C1,octanove,,,no,,,
exuberant,adjective,C1,octanove,,,no,,,
exuberantly,adverb,C1,octanove,,,no,,,
fabulously,adverb,C1,octanove,,,no,,,
facial,adjective,C1,octanove,,,no,,,
facial,noun,C1,octanove,,,no,,,
facilitation,noun,C1,octanove,,,no,,,
fanatic,noun,C1,octanove,,,no,,,
fanatic,adjective,C1,octanove,,,no,,,
fanatically,adverb,C1,octanove,,,no,,,
fanciful,adjective,C1,octanove,,,no,,,
farce,noun,C1,octanove,,,no,,,
fatality,noun,C1,octanove,,,no,,,
favorably,adverb,C1,octanove,,,no,,,
ferocious,adjective,C1,octanove,,,no,,,
ferociously,adverb,C1,octanove,,,no,,,
fiddle,verb,C1,octanove,,,no,,,
fiddle,noun,C1,octanove,,,no,,,
fiddler,noun,C1,octanove,,,no,,,
fiddly,adjective,C1,octanove,,,no,,,
fiend,noun,C1,octanove,,,no,,,
fiendish,adjective,C1,octanove,,,no,,,
fiendishly,adverb,C1,octanove,,,no,,,
fiercely,adverb,C1,octanove,,,no,,,
firewall,noun,C1,octanove,,,no,,,
fissure,noun,C1,octanove,,,no,,,
flashback,noun,C1,octanove,,,no,,,
flask,noun,C1,octanove,,,no,,,
flatter,verb,C1,octanove,,,no,,,
flattery,noun,C1,octanove,,,no,,,
flick,verb,C1,octanove,,,no,,,
flicker,noun,C1,octanove,,,no,,,
folktale,noun,C1,octanove,,,no,,,
forensic,adjective,C1,octanove,,,no,,,
forfeit,verb,C1,octanove,,,no,,,
formality,noun,C1,octanove,,,no,,,
fossil,noun,C1,octanove,,,no,,,
fragmentation,noun,C1,octanove,,,no,,,
frost,verb,C1,octanove,,,no,,,
frostily,adverb,C1,octanove,,,no,,,
frosty,adjective,C1,octanove,,,no,,,
fuse,verb,C1,octanove,,,no,,,
fusion,noun,C1,octanove,,,no,,,
gadget,noun,C1,octanove,,,no,,,
gamely,adverb,C1,octanove,,,no,,,
gape,verb,C1,octanove,,,no,,,
gem,noun,C1,octanove,,,no,,,
genome,noun,C1,octanove,,,no,,,
geological,adjective,C1,octanove,,,no,,,
geologically,adverb,C1,octanove,,,no,,,
ghostly,adjective,C1,octanove,,,no,,,
gig,noun,C1,octanove,,,no,,,
glean,verb,C1,octanove,,,no,,,
glum,adjective,C1,octanove,,,no,,,
glumly,adverb,C1,octanove,,,no,,,
gnaw,verb,C1,octanove,,,no,,,
goose,noun,C1,octanove,,,no,,,
gourmet,adjective,C1,octanove,,,no,,,
gourmet,noun,C1,octanove,,,no,,,
graft,verb,C1,octanove,,,no,,,
grapefruit,noun,C1,octanove,,,no,,,
grounds,noun,C1,octanove,,,no,,,
gruelling,adjective,C1,octanove,,,no,,,
gruesome,adjective,C1,octanove,,,no,,,
gruesomely,adverb,C1,octanove,,,no,,,
grumble,verb,C1,octanove,,,no,,,
gush,verb,C1,octanove,,,no,,,
gush,noun,C1,octanove,,,no,,,
gushing,adjective,C1,octanove,,,no,,,
gushingly,adverb,C1,octanove,,,no,,,
gusto,noun,C1,octanove,,,no,,,
gutsy,adjective,C1,octanove,,,no,,,
gypsy,noun,C1,octanove,,,no,,,
hack,verb,C1,octanove,,,no,,,
hack,noun,C1,octanove,,,no,,,
haggle,verb,C1,octanove,,,no,,,
hanging,noun,C1,octanove,,,no,,,
harass,verb,C1,octanove,,,no,,,
harassment,noun,C1,octanove,,,no,,,
headstrong,adjective,C1,octanove,,,no,,,
hedgehog,noun,C1,octanove,,,no,,,
heifer,noun,C1,octanove,,,no,,,
heighten,verb,C1,octanove,,,no,,,
heroine,noun,C1,octanove,,,no,,,
hibernate,verb,C1,octanove,,,no,,,
hibernation,noun,C1,octanove,,,no,,,
homely,adjective,C1,octanove,,,no,,,
honk,verb,C1,octanove,,,no,,,
honk,noun,C1,octanove,,,no,,,
hostess,noun,C1,octanove,,,no,,,
humble,verb,C1,octanove,,,no,,,
hypocrisy,noun,C1,octanove,,,no,,,
hypocrite,noun,C1,octanove,,,no,,,
hypocritical,adjective,C1,octanove,,,no,,,
hypocritically,adverb,C1,octanove,,,no,,,
immense,adjective,C1,octanove,,,no,,,
immensely,adverb,C1,octanove,,,no,,,
immortalize,verb,C1,octanove,,,no,,,
imp,noun,C1,octanove,,,no,,,
impede,verb,C1,octanove,,,no,,,
impediment,noun,C1,octanove,,,no,,,
impersonal,adjective,C1,octanove,,,no,,,
impersonally,adverb,C1,octanove,,,no,,,
impersonate,verb,C1,octanove,,,no,,,
impersonation,noun,C1,octanove,,,no,,,
impersonator,noun,C1,octanove,,,no,,,
impervious,adjective,C1,octanove,,,no,,,
impish,adjective,C1,octanove,,,no,,,
impishly,adverb,C1,octanove,,,no,,,
implicate,verb,C1,octanove,,,no,,,
impoverished,adjective,C1,octanove,,,no,,,
incision,noun,C1,octanove,,,no,,,
incisor,noun,C1,octanove,,,no,,,
inclusively,adverb,C1,octanove,,,no,,,
indefinite,adjective,C1,octanove,,,no,,,
indefinitely,adverb,C1,octanove,,,no,,,
individuality,noun,C1,octanove,,,no,,,
induct,verb,C1,octanove,,,no,,,
inexcusable,adjective,C1,octanove,,,no,,,
inexcusably,adverb,C1,octanove,,,no,,,
inexhaustible,adjective,C1,octanove,,,no,,,
inexplicable,adjective,C1,octanove,,,no,,,
inexplicably,adverb,C1,octanove,,,no,,,
ingenious,adjective,C1,octanove,,,no,,,
ingenuity,noun,C1,octanove,,,no,,,
